model,label,noise_type,replicate,recall_loss_auc
svm,bassoon,white,0,0.809278350515
svm,cello,white,0,0.697101449275
svm,clarinet,white,0,0.636261261261
svm,double-bass,white,0,0.848550724638
svm,flute,white,0,0.17094017094
svm,french-horn,white,0,0.719879518072
svm,oboe,white,0,0.900843881857
svm,trombone,white,0,0.508040935673
svm,trumpet,white,0,0.761538461538
svm,tuba,white,0,0.911962365591
svm,viola,white,0,0.800314465409
svm,violin,white,0,0.258397932817
svm,bassoon,white,1,0.809278350515
svm,cello,white,1,0.694202898551
svm,clarinet,white,1,0.637012012012
svm,double-bass,white,1,0.85
svm,flute,white,1,0.165598290598
svm,french-horn,white,1,0.719879518072
svm,oboe,white,1,0.901898734177
svm,trombone,white,1,0.519005847953
svm,trumpet,white,1,0.755128205128
svm,tuba,white,1,0.911290322581
svm,viola,white,1,0.803459119497
svm,violin,white,1,0.256136950904
svm,bassoon,audience,0,0.322164948454
svm,cello,audience,0,0.364130434783
svm,clarinet,audience,0,0.146396396396
svm,double-bass,audience,0,0.235869565217
svm,flute,audience,0,0.307336182336
svm,french-horn,audience,0,0.40813253012
svm,oboe,audience,0,0.559599156118
svm,trombone,audience,0,0.366593567251
svm,trumpet,audience,0,0.30641025641
svm,tuba,audience,0,0.642137096774
svm,viola,audience,0,0.205188679245
svm,violin,audience,0,0.281976744186
svm,bassoon,audience,1,0.286082474227
svm,cello,audience,1,0.357971014493
svm,clarinet,audience,1,0.134384384384
svm,double-bass,audience,1,0.186594202899
svm,flute,audience,1,0.291666666667
svm,french-horn,audience,1,0.380020080321
svm,oboe,audience,1,0.505274261603
svm,trombone,audience,1,0.368421052632
svm,trumpet,audience,1,0.259615384615
svm,tuba,audience,1,0.603830645161
svm,viola,audience,1,0.274764150943
svm,violin,audience,1,0.295219638243
svm,bassoon,studio,0,0.402920962199
svm,cello,studio,0,0.390579710145
svm,clarinet,studio,0,0.182432432432
svm,double-bass,studio,0,0.181884057971
svm,flute,studio,0,0.325854700855
svm,french-horn,studio,0,0.460843373494
svm,oboe,studio,0,0.665611814346
svm,trombone,studio,0,0.469298245614
svm,trumpet,studio,0,0.447435897436
svm,tuba,studio,0,0.58501344086
svm,viola,studio,0,0.331761006289
svm,violin,studio,0,0.335271317829
svm,bassoon,studio,1,0.422250859107
svm,cello,studio,1,0.4
svm,clarinet,studio,1,0.221471471471
svm,double-bass,studio,1,0.18731884058
svm,flute,studio,1,0.352207977208
svm,french-horn,studio,1,0.415662650602
svm,oboe,studio,1,0.654008438819
svm,trombone,studio,1,0.453216374269
svm,trumpet,studio,1,0.464743589744
svm,tuba,studio,1,0.587365591398
svm,viola,studio,1,0.357704402516
svm,violin,studio,1,0.34011627907
cnn,bassoon,white,0,0.56529209622
cnn,cello,white,0,0.614492753623
cnn,clarinet,white,0,0.491741741742
cnn,double-bass,white,0,0.239130434783
cnn,flute,white,0,0.435185185185
cnn,french-horn,white,0,0.728413654618
cnn,oboe,white,0,0.851265822785
cnn,trombone,white,0,0.160453216374
cnn,trumpet,white,0,0.935897435897
cnn,tuba,white,0,0.991935483871
cnn,viola,white,0,0.483490566038
cnn,violin,white,0,0.355620155039
cnn,bassoon,white,1,0.570446735395
cnn,cello,white,1,0.613043478261
cnn,clarinet,white,1,0.487237237237
cnn,double-bass,white,1,0.242028985507
cnn,flute,white,1,0.442307692308
cnn,french-horn,white,1,0.731927710843
cnn,oboe,white,1,0.853375527426
cnn,trombone,white,1,0.15350877193
cnn,trumpet,white,1,0.935897435897
cnn,tuba,white,1,0.991935483871
cnn,viola,white,1,0.489779874214
cnn,violin,white,1,0.358204134367
cnn,bassoon,audience,0,0.428694158076
cnn,cello,audience,0,0.359420289855
cnn,clarinet,audience,0,0.284159159159
cnn,double-bass,audience,0,0.10615942029
cnn,flute,audience,0,0.308048433048
cnn,french-horn,audience,0,0.523092369478
cnn,oboe,audience,0,0.513713080169
cnn,trombone,audience,0,0.235014619883
cnn,trumpet,audience,0,0.452564102564
cnn,tuba,audience,0,0.632392473118
cnn,viola,audience,0,0.191823899371
cnn,violin,audience,0,0.161821705426
cnn,bassoon,audience,1,0.389604810997
cnn,cello,audience,1,0.350724637681
cnn,clarinet,audience,1,0.281156156156
cnn,double-bass,audience,1,0.104347826087
cnn,flute,audience,1,0.320512820513
cnn,french-horn,audience,1,0.482931726908
cnn,oboe,audience,1,0.486286919831
cnn,trombone,audience,1,0.257675438596
cnn,trumpet,audience,1,0.451282051282
cnn,tuba,audience,1,0.584677419355
cnn,viola,audience,1,0.25
cnn,violin,audience,1,0.137273901809
cnn,bassoon,studio,0,0.496993127148
cnn,cello,studio,0,0.389492753623
cnn,clarinet,studio,0,0.512762762763
cnn,double-bass,studio,0,0.0746376811594
cnn,flute,studio,0,0.485398860399
cnn,french-horn,studio,0,0.575803212851
cnn,oboe,studio,0,0.628164556962
cnn,trombone,studio,0,0.459795321637
cnn,trumpet,studio,0,0.594230769231
cnn,tuba,studio,0,0.718413978495
cnn,viola,studio,0,0.364779874214
cnn,violin,studio,0,0.322028423773
cnn,bassoon,studio,1,0.501288659794
cnn,cello,studio,1,0.391304347826
cnn,clarinet,studio,1,0.497747747748
cnn,double-bass,studio,1,0.0826086956522
cnn,flute,studio,1,0.487179487179
cnn,french-horn,studio,1,0.546686746988
cnn,oboe,studio,1,0.626582278481
cnn,trombone,studio,1,0.478070175439
cnn,trumpet,studio,1,0.616666666667
cnn,tuba,studio,1,0.707661290323
cnn,viola,studio,1,0.356525157233
cnn,violin,studio,1,0.350775193798
crnn,bassoon,white,0,0.611683848797
crnn,cello,white,0,0.729710144928
crnn,clarinet,white,0,0.4496996997
crnn,double-bass,white,0,0.61231884058
crnn,flute,white,0,0.296652421652
crnn,french-horn,white,0,0.755020080321
crnn,oboe,white,0,0.84388185654
crnn,trombone,white,0,0.31980994152
crnn,trumpet,white,0,0.892307692308
crnn,tuba,white,0,0.975134408602
crnn,viola,white,0,0.569968553459
crnn,violin,white,0,0.0536175710594
crnn,bassoon,white,1,0.620274914089
crnn,cello,white,1,0.726811594203
crnn,clarinet,white,1,0.455705705706
crnn,double-bass,white,1,0.609420289855
crnn,flute,white,1,0.299145299145
crnn,french-horn,white,1,0.758032128514
crnn,oboe,white,1,0.845991561181
crnn,trombone,white,1,0.316885964912
crnn,trumpet,white,1,0.884615384615
crnn,tuba,white,1,0.974462365591
crnn,viola,white,1,0.569968553459
crnn,violin,white,1,0.0458656330749
crnn,bassoon,audience,0,0.343642611684
crnn,cello,audience,0,0.374275362319
crnn,clarinet,audience,0,0.29542042042
crnn,double-bass,audience,0,0.18731884058
crnn,flute,audience,0,0.257478632479
crnn,french-horn,audience,0,0.56375502008
crnn,oboe,audience,0,0.520042194093
crnn,trombone,audience,0,0.204312865497
crnn,trumpet,audience,0,0.43141025641
crnn,tuba,audience,0,0.617607526882
crnn,viola,audience,0,0.218160377358
crnn,violin,audience,0,0.121124031008
crnn,bassoon,audience,1,0.308848797251
crnn,cello,audience,1,0.373550724638
crnn,clarinet,audience,1,0.278903903904
crnn,double-bass,audience,1,0.166304347826
crnn,flute,audience,1,0.290954415954
crnn,french-horn,audience,1,0.491465863454
crnn,oboe,audience,1,0.502109704641
crnn,trombone,audience,1,0.195540935673
crnn,trumpet,audience,1,0.448076923077
crnn,tuba,audience,1,0.576948924731
crnn,viola,audience,1,0.285377358491
crnn,violin,audience,1,0.117894056848
crnn,bassoon,studio,0,0.441151202749
crnn,cello,studio,0,0.470289855072
crnn,clarinet,studio,0,0.471471471471
crnn,double-bass,studio,0,0.226811594203
crnn,flute,studio,0,0.377492877493
crnn,french-horn,studio,0,0.536144578313
crnn,oboe,studio,0,0.607594936709
crnn,trombone,studio,0,0.453581871345
crnn,trumpet,studio,0,0.573717948718
crnn,tuba,studio,0,0.690860215054
crnn,viola,studio,0,0.400550314465
crnn,violin,studio,0,0.258074935401
crnn,bassoon,studio,1,0.469501718213
crnn,cello,studio,1,0.457608695652
crnn,clarinet,studio,1,0.481606606607
crnn,double-bass,studio,1,0.240217391304
crnn,flute,studio,1,0.393874643875
crnn,french-horn,studio,1,0.4859437751
crnn,oboe,studio,1,0.605485232068
crnn,trombone,studio,1,0.468567251462
crnn,trumpet,studio,1,0.619230769231
crnn,tuba,studio,1,0.680779569892
crnn,viola,studio,1,0.394261006289
crnn,violin,studio,1,0.289405684755
mert,bassoon,white,0,0.426975945017
mert,cello,white,0,0.474637681159
mert,clarinet,white,0,0.566066066066
mert,double-bass,white,0,0.00869565217391
mert,flute,white,0,0.222934472934
mert,french-horn,white,0,0.432730923695
mert,oboe,white,0,0.779535864979
mert,trombone,white,0,0.259868421053
mert,trumpet,white,0,0.539743589744
mert,tuba,white,0,0.878360215054
mert,viola,white,0,0.468553459119
mert,violin,white,0,-0.0487726098191
mert,bassoon,white,1,0.433848797251
mert,cello,white,1,0.474637681159
mert,clarinet,white,1,0.564564564565
mert,double-bass,white,1,0.0123188405797
mert,flute,white,1,0.220085470085
mert,french-horn,white,1,0.430722891566
mert,oboe,white,1,0.776371308017
mert,trombone,white,1,0.250730994152
mert,trumpet,white,1,0.544871794872
mert,tuba,white,1,0.875672043011
mert,viola,white,1,0.463836477987
mert,violin,white,1,-0.0490956072351
mert,bassoon,audience,0,0.314003436426
mert,cello,audience,0,0.25652173913
mert,clarinet,audience,0,0.358108108108
mert,double-bass,audience,0,0.0797101449275
mert,flute,audience,0,0.227207977208
mert,french-horn,audience,0,0.309738955823
mert,oboe,audience,0,0.411919831224
mert,trombone,audience,0,0.216739766082
mert,trumpet,audience,0,0.260256410256
mert,tuba,audience,0,0.530241935484
mert,viola,audience,0,0.199685534591
mert,violin,audience,0,0.015180878553
mert,bassoon,audience,1,0.297680412371
mert,cello,audience,1,0.24384057971
mert,clarinet,audience,1,0.362237237237
mert,double-bass,audience,1,0.0416666666667
mert,flute,audience,1,0.244301994302
mert,french-horn,audience,1,0.302208835341
mert,oboe,audience,1,0.409282700422
mert,trombone,audience,1,0.205409356725
mert,trumpet,audience,1,0.228205128205
mert,tuba,audience,1,0.485215053763
mert,viola,audience,1,0.221305031447
mert,violin,audience,1,0.0138888888889
mert,bassoon,studio,0,0.326890034364
mert,cello,studio,0,0.273188405797
mert,clarinet,studio,0,0.526276276276
mert,double-bass,studio,0,0.00978260869565
mert,flute,studio,0,0.102564102564
mert,french-horn,studio,0,0.25953815261
mert,oboe,studio,0,0.449367088608
mert,trombone,studio,0,0.395467836257
mert,trumpet,studio,0,0.362179487179
mert,tuba,studio,0,0.561155913978
mert,viola,studio,0,0.185534591195
mert,violin,studio,0,0.0720284237726
mert,bassoon,studio,1,0.323024054983
mert,cello,studio,1,0.266666666667
mert,clarinet,studio,1,0.52027027027
mert,double-bass,studio,1,0.0264492753623
mert,flute,studio,1,0.122507122507
mert,french-horn,studio,1,0.230923694779
mert,oboe,studio,1,0.438291139241
mert,trombone,studio,1,0.392543859649
mert,trumpet,studio,1,0.378205128205
mert,tuba,studio,1,0.564516129032
mert,viola,studio,1,0.235849056604
mert,violin,studio,1,0.0529715762274
ast,bassoon,white,0,0.560137457045
ast,cello,white,0,0.43152173913
ast,clarinet,white,0,0.237612612613
ast,double-bass,white,0,0.140217391304
ast,flute,white,0,0.263888888889
ast,french-horn,white,0,0.390562248996
ast,oboe,white,0,0.583333333333
ast,trombone,white,0,0.0303362573099
ast,trumpet,white,0,0.585897435897
ast,tuba,white,0,0.399865591398
ast,viola,white,0,0.365172955975
ast,violin,white,0,0.139534883721
ast,bassoon,white,1,0.548109965636
ast,cello,white,1,0.423913043478
ast,clarinet,white,1,0.225600600601
ast,double-bass,white,1,0.133695652174
ast,flute,white,1,0.26103988604
ast,french-horn,white,1,0.380020080321
ast,oboe,white,1,0.581223628692
ast,trombone,white,1,0.0222953216374
ast,trumpet,white,1,0.586538461538
ast,tuba,white,1,0.385752688172
ast,viola,white,1,0.361242138365
ast,violin,white,1,0.141795865633
ast,bassoon,audience,0,0.287800687285
ast,cello,audience,0,0.180072463768
ast,clarinet,audience,0,0.127627627628
ast,double-bass,audience,0,0.0228260869565
ast,flute,audience,0,0.185541310541
ast,french-horn,audience,0,0.285642570281
ast,oboe,audience,0,0.338080168776
ast,trombone,audience,0,0.0800438596491
ast,trumpet,audience,0,0.236538461538
ast,tuba,audience,0,0.407930107527
ast,viola,audience,0,0.133647798742
ast,violin,audience,0,0.22642118863
ast,bassoon,audience,1,0.283505154639
ast,cello,audience,1,0.18731884058
ast,clarinet,audience,1,0.123873873874
ast,double-bass,audience,1,0.0365942028986
ast,flute,audience,1,0.176282051282
ast,french-horn,audience,1,0.265562248996
ast,oboe,audience,1,0.31276371308
ast,trombone,audience,1,0.094298245614
ast,trumpet,audience,1,0.224358974359
ast,tuba,audience,1,0.335349462366
ast,viola,audience,1,0.162735849057
ast,violin,audience,1,0.266149870801
ast,bassoon,studio,0,0.397336769759
ast,cello,studio,0,0.165579710145
ast,clarinet,studio,0,0.179054054054
ast,double-bass,studio,0,0.0235507246377
ast,flute,studio,0,0.174145299145
ast,french-horn,studio,0,0.237449799197
ast,oboe,studio,0,0.376054852321
ast,trombone,studio,0,0.116959064327
ast,trumpet,studio,0,0.333333333333
ast,tuba,studio,0,0.399193548387
ast,viola,studio,0,0.126965408805
ast,violin,studio,0,0.321705426357
ast,bassoon,studio,1,0.411512027491
ast,cello,studio,1,0.176449275362
ast,clarinet,studio,1,0.178678678679
ast,double-bass,studio,1,0.0329710144928
ast,flute,studio,1,0.187678062678
ast,french-horn,studio,1,0.211345381526
ast,oboe,studio,1,0.386075949367
ast,trombone,studio,1,0.119152046784
ast,trumpet,studio,1,0.355128205128
ast,tuba,studio,1,0.427419354839
ast,viola,studio,1,0.127358490566
ast,violin,studio,1,0.322351421189
panns,bassoon,white,0,0.735824742268
panns,cello,white,0,0.857246376812
panns,clarinet,white,0,0.370495495495
panns,double-bass,white,0,0.755797101449
panns,flute,white,0,0.38603988604
panns,french-horn,white,0,0.647590361446
panns,oboe,white,0,0.726793248945
panns,trombone,white,0,0.102704678363
panns,trumpet,white,0,0.682051282051
panns,tuba,white,0,0.723790322581
panns,viola,white,0,0.49213836478
panns,violin,white,0,0.239018087855
panns,bassoon,white,1,0.735824742268
panns,cello,white,1,0.851449275362
panns,clarinet,white,1,0.355105105105
panns,double-bass,white,1,0.759420289855
panns,flute,white,1,0.392094017094
panns,french-horn,white,1,0.647590361446
panns,oboe,white,1,0.733122362869
panns,trombone,white,1,0.102339181287
panns,trumpet,white,1,0.683333333333
panns,tuba,white,1,0.725134408602
panns,viola,white,1,0.502358490566
panns,violin,white,1,0.239664082687
panns,bassoon,audience,0,0.232817869416
panns,cello,audience,0,0.367753623188
panns,clarinet,audience,0,0.138888888889
panns,double-bass,audience,0,0.152173913043
panns,flute,audience,0,0.176638176638
panns,french-horn,audience,0,0.388052208835
panns,oboe,audience,0,0.319092827004
panns,trombone,audience,0,0.115497076023
panns,trumpet,audience,0,0.253205128205
panns,tuba,audience,0,0.277889784946
panns,viola,audience,0,0.130110062893
panns,violin,audience,0,0.130813953488
panns,bassoon,audience,1,0.215635738832
panns,cello,audience,1,0.321739130435
panns,clarinet,audience,1,0.149024024024
panns,double-bass,audience,1,0.139855072464
panns,flute,audience,1,0.192307692308
panns,french-horn,audience,1,0.370481927711
panns,oboe,audience,1,0.270042194093
panns,trombone,audience,1,0.111476608187
panns,trumpet,audience,1,0.264743589744
panns,tuba,audience,1,0.265793010753
panns,viola,audience,1,0.186713836478
panns,violin,audience,1,0.162790697674
panns,bassoon,studio,0,0.348367697595
panns,cello,studio,0,0.420652173913
panns,clarinet,studio,0,0.190315315315
panns,double-bass,studio,0,0.201811594203
panns,flute,studio,0,0.125
panns,french-horn,studio,0,0.386044176707
panns,oboe,studio,0,0.37447257384
panns,trombone,studio,0,0.104532163743
panns,trumpet,studio,0,0.380128205128
panns,tuba,studio,0,0.339717741935
panns,viola,studio,0,0.295990566038
panns,violin,studio,0,0.0717054263566
panns,bassoon,studio,1,0.350515463918
panns,cello,studio,1,0.441666666667
panns,clarinet,studio,1,0.171546546547
panns,double-bass,studio,1,0.207971014493
panns,flute,studio,1,0.143518518519
panns,french-horn,studio,1,0.352911646586
panns,oboe,studio,1,0.383438818565
panns,trombone,studio,1,0.0994152046784
panns,trumpet,studio,1,0.405769230769
panns,tuba,studio,1,0.338373655914
panns,viola,studio,1,0.307389937107
panns,violin,studio,1,0.0807493540052
