model,instrument_a,instrument_b,noise_type,mean_confusion_increase_auc,min_confusion_increase_auc,max_confusion_increase_auc,n_replicates
svm,bassoon,cello,white,0.00644329896907,0.00601374570447,0.00687285223368,2
svm,bassoon,clarinet,white,0.0287800687285,0.0268470790378,0.0307130584192,2
svm,bassoon,double-bass,white,0,0,0,2
svm,bassoon,flute,white,0.125751718213,0.124785223368,0.126718213058,2
svm,bassoon,french-horn,white,0.0090206185567,0.00816151202749,0.00987972508591,2
svm,bassoon,oboe,white,-0.0133161512027,-0.0133161512027,-0.0133161512027,2
svm,bassoon,trombone,white,0.0979381443299,0.0957903780069,0.100085910653,2
svm,bassoon,trumpet,white,-0.00622852233677,-0.00644329896907,-0.00601374570447,2
svm,bassoon,tuba,white,0,0,0,2
svm,bassoon,viola,white,0,0,0,2
svm,bassoon,violin,white,0.15625,0.155713058419,0.156786941581,2
svm,cello,clarinet,white,0.0243259563912,0.0239636375506,0.0246882752318,2
svm,cello,double-bass,white,-0.00652173913043,-0.00688405797101,-0.00615942028986,2
svm,cello,flute,white,0.148188405797,0.147282608696,0.149094202899,2
svm,cello,french-horn,white,0,0,0,2
svm,cello,oboe,white,0,0,0,2
svm,cello,trombone,white,0,0,0,2
svm,cello,trumpet,white,0.00670289855072,0.00652173913043,0.00688405797101,2
svm,cello,tuba,white,0.0235215053763,0.0218413978495,0.0252016129032,2
svm,cello,viola,white,0.00398550724638,0.0036231884058,0.00434782608696,2
svm,cello,violin,white,0.165326929558,0.163153016515,0.167500842602,2
svm,clarinet,double-bass,white,0.0654891304348,0.0652173913043,0.0657608695652,2
svm,clarinet,flute,white,0.246946465696,0.245351120351,0.248541811042,2
svm,clarinet,french-horn,white,0.0366465863454,0.0363955823293,0.0368975903614,2
svm,clarinet,oboe,white,0.0356012658228,0.0350738396624,0.0361286919831,2
svm,clarinet,trombone,white,0.0405701754386,0.0387426900585,0.0423976608187,2
svm,clarinet,trumpet,white,0.0410371910372,0.0406935781936,0.0413808038808,2
svm,clarinet,tuba,white,0.101142473118,0.100806451613,0.101478494624,2
svm,clarinet,viola,white,0.0206367924528,0.0204402515723,0.0208333333333,2
svm,clarinet,violin,white,0.0983723549131,0.0975277603185,0.0992169495076,2
svm,double-bass,flute,white,0.251630434783,0.249637681159,0.253623188406,2
svm,double-bass,french-horn,white,0,0,0,2
svm,double-bass,oboe,white,0,0,0,2
svm,double-bass,trombone,white,0,0,0,2
svm,double-bass,trumpet,white,0.00172101449275,0.00163043478261,0.0018115942029,2
svm,double-bass,tuba,white,0.000672043010753,0.000672043010753,0.000672043010753,2
svm,double-bass,viola,white,0.00253623188406,0.00253623188406,0.00253623188406,2
svm,double-bass,violin,white,0.0975733063701,0.0953993933266,0.0997472194135,2
svm,flute,french-horn,white,0.102284136546,0.100652610442,0.103915662651,2
svm,flute,oboe,white,0.341508438819,0.340189873418,0.342827004219,2
svm,flute,trombone,white,0.118877923977,0.117872807018,0.119883040936,2
svm,flute,trumpet,white,0.18912037037,0.188710826211,0.18952991453,2
svm,flute,tuba,white,0.200772849462,0.199596774194,0.201948924731,2
svm,flute,viola,white,0.235947327044,0.233687106918,0.23820754717,2
svm,flute,violin,white,0.175557377592,0.171975419068,0.179139336116,2
svm,french-horn,oboe,white,-0.00632911392405,-0.00632911392405,-0.00632911392405,2
svm,french-horn,trombone,white,0.00652610441767,0.00652610441767,0.00652610441767,2
svm,french-horn,trumpet,white,0.0103181958604,0.0103181958604,0.0103181958604,2
svm,french-horn,tuba,white,0.00319220430108,0.00302419354839,0.00336021505376,2
svm,french-horn,viola,white,0.00157232704403,0.00157232704403,0.00157232704403,2
svm,french-horn,violin,white,0.205446787149,0.20406626506,0.206827309237,2
svm,oboe,trombone,white,0,0,0,2
svm,oboe,trumpet,white,-0.00984664070107,-0.0106377799416,-0.00905550146056,2
svm,oboe,tuba,white,0,0,0,2
svm,oboe,viola,white,-0.00606540084388,-0.00632911392405,-0.00580168776371,2
svm,oboe,violin,white,0.0804324894515,0.0799050632911,0.0809599156118,2
svm,trombone,trumpet,white,0.0648757309942,0.0645552181736,0.0651962438147,2
svm,trombone,tuba,white,0.0213373655914,0.020497311828,0.0221774193548,2
svm,trombone,viola,white,0,0,0,2
svm,trombone,violin,white,0.0949378654971,0.0948464912281,0.0950292397661,2
svm,trumpet,tuba,white,0.00134408602151,0.00100806451613,0.00168010752688,2
svm,trumpet,viola,white,0.0147405660377,0.0133647798742,0.0161163522013,2
svm,trumpet,violin,white,0.122327817531,0.120878056052,0.12377757901,2
svm,tuba,viola,white,0.00369623655914,0.00336021505376,0.00403225806452,2
svm,tuba,violin,white,0.100134408602,0.0994623655914,0.100806451613,2
svm,viola,violin,white,0.128046383648,0.127751572327,0.128341194969,2
svm,bassoon,cello,audience,0.015899073659,0.0136709995518,0.0181271477663,2
svm,bassoon,clarinet,audience,0.0956142998669,0.0884318596947,0.102796740039,2
svm,bassoon,double-bass,audience,0.0173259375467,0.0152622142537,0.0193896608397,2
svm,bassoon,flute,audience,0.00713168561107,0.00703990072547,0.00722347049667,2
svm,bassoon,french-horn,audience,0.0250589988821,0.0246682606716,0.0254497370927,2
svm,bassoon,oboe,audience,-0.0109536082474,-0.0111683848797,-0.0107388316151,2
svm,bassoon,trombone,audience,0.0198122023271,0.0174684994273,0.022155905227,2
svm,bassoon,trumpet,audience,-0.00147535025112,-0.00282844303463,-0.000122257467618,2
svm,bassoon,tuba,audience,0.00548373240217,0.0042002688172,0.00676719598714,2
svm,bassoon,viola,audience,0.0133303345653,0.0131702651884,0.0134904039422,2
svm,bassoon,violin,audience,0.0205477969578,0.0160632941741,0.0250322997416,2
svm,cello,clarinet,audience,0.069699046873,0.0695848021935,0.0698132915524,2
svm,cello,double-bass,audience,0.0538043478261,0.0527173913043,0.0548913043478,2
svm,cello,flute,audience,0.0159489966555,0.0156648705562,0.0162331227549,2
svm,cello,french-horn,audience,0.015436746988,0.0150602409639,0.015813253012,2
svm,cello,oboe,audience,0.0178992386718,0.01555907173,0.0202394056136,2
svm,cello,trombone,audience,0.0105827294686,0.0102227943046,0.0109426646326,2
svm,cello,trumpet,audience,0.0142210144928,0.0105211817168,0.0179208472687,2
svm,cello,tuba,audience,0.0673277524544,0.0605627629734,0.0740927419355,2
svm,cello,viola,audience,0.020233456385,0.0157642876675,0.0247026251025,2
svm,cello,violin,audience,0.0473521233569,0.0441200426918,0.050584204022,2
svm,clarinet,double-bass,audience,0.0600225225225,0.0498318971145,0.0702131479305,2
svm,clarinet,flute,audience,0.0951504389004,0.0793437668438,0.110957110957,2
svm,clarinet,french-horn,audience,0.0758631372336,0.0645690871594,0.0871571873078,2
svm,clarinet,oboe,audience,0.144738092523,0.144322328658,0.145153856388,2
svm,clarinet,trombone,audience,0.0837309348823,0.082271416153,0.0851904536115,2
svm,clarinet,trumpet,audience,0.107357357357,0.0950421575422,0.119672557173,2
svm,clarinet,tuba,audience,0.083249327957,0.0782930107527,0.0882056451613,2
svm,clarinet,viola,audience,0.0461446115927,0.0456984106748,0.0465908125106,2
svm,clarinet,violin,audience,0.0557279663384,0.055603568685,0.0558523639919,2
svm,double-bass,flute,audience,0.0130821875387,0.0109082744952,0.0152561005822,2
svm,double-bass,french-horn,audience,0.0128012048193,0.00652610441767,0.0190763052209,2
svm,double-bass,oboe,audience,0.00382383966245,0.00105485232068,0.00659282700422,2
svm,double-bass,trombone,audience,0.0112390350877,0.00986842105263,0.0126096491228,2
svm,double-bass,trumpet,audience,0.00769927536232,0.007497212932,0.00790133779264,2
svm,double-bass,tuba,audience,0.109885606592,0.102331697055,0.117439516129,2
svm,double-bass,viola,audience,0.0414239814055,0.0396482772765,0.0431996855346,2
svm,double-bass,violin,audience,0.0237985900461,0.0233850129199,0.0242121671722,2
svm,flute,french-horn,audience,0.00784977516905,0.00476907630522,0.0109304740329,2
svm,flute,oboe,audience,0.0638174384219,0.0537591510693,0.0738757257745,2
svm,flute,trombone,audience,0.00830802968961,0.00400641025641,0.0126096491228,2
svm,flute,trumpet,audience,0.0368411680912,0.0290598290598,0.0446225071225,2
svm,flute,tuba,audience,0.00722446236559,0.00487231182796,0.00957661290323,2
svm,flute,viola,audience,0.0397197360641,0.0347709374832,0.0446685346449,2
svm,flute,violin,audience,0.0251813754721,0.022009375207,0.0283533757371,2
svm,french-horn,oboe,audience,-0.00580168776371,-0.00580168776371,-0.00580168776371,2
svm,french-horn,trombone,audience,0.00447513739167,0.00244618826182,0.00650408652152,2
svm,french-horn,trumpet,audience,0.0198486252703,0.0152957985789,0.0244014519617,2
svm,french-horn,tuba,audience,0.00739247311828,0.00672043010753,0.00806451612903,2
svm,french-horn,viola,audience,0.012332348261,0.0115793362128,0.0130853603092,2
svm,french-horn,violin,audience,0.0342805329847,0.0322900127642,0.0362710532051,2
svm,oboe,trombone,audience,0.00184599156118,0.00158227848101,0.00210970464135,2
svm,oboe,trumpet,audience,0.0148247322298,0.0138550795196,0.01579438494,2
svm,oboe,tuba,audience,0,0,0,2
svm,oboe,viola,audience,0.0144034611098,0.00738396624473,0.0214229559748,2
svm,oboe,violin,audience,0.00923813495568,0.00660918130376,0.0118670886076,2
svm,trombone,trumpet,audience,0.0508856275304,0.0501152721547,0.051655982906,2
svm,trombone,tuba,audience,0.00809399169968,0.00777270797963,0.00841527541973,2
svm,trombone,viola,audience,0.00868055555556,0.00822368421053,0.00913742690058,2
svm,trombone,violin,audience,0.0233790629675,0.0227925676595,0.0239655582755,2
svm,trumpet,tuba,audience,0.000840053763441,0,0.00168010752688,2
svm,trumpet,viola,audience,0.0124818577649,0.0106827527818,0.0142809627479,2
svm,trumpet,violin,audience,0.0207898529119,0.0175089445438,0.0240707612801,2
svm,tuba,viola,audience,0.0197412634409,0.0161290322581,0.0233534946237,2
svm,tuba,violin,audience,0.00336021505376,0.00184811827957,0.00487231182796,2
svm,viola,violin,audience,0.0563919969772,0.0562701111599,0.0565138827946,2
svm,bassoon,cello,studio,0.0242697594502,0.0191151202749,0.0294243986254,2
svm,bassoon,clarinet,studio,0.0968642611684,0.0962199312715,0.0975085910653,2
svm,bassoon,double-bass,studio,0.0547680412371,0.051116838488,0.0584192439863,2
svm,bassoon,flute,studio,0.0153565292096,0.0148195876289,0.0158934707904,2
svm,bassoon,french-horn,studio,0.0140730447563,0.0126769966464,0.0154690928663,2
svm,bassoon,oboe,studio,-0.011070511984,-0.0111683848797,-0.0109726390883,2
svm,bassoon,trombone,studio,0.00594968951589,0.0058856333273,0.00601374570447,2
svm,bassoon,trumpet,studio,-0.0128865979381,-0.0137457044674,-0.0120274914089,2
svm,bassoon,tuba,studio,0.000336021505376,0,0.000672043010753,2
svm,bassoon,viola,studio,0.00569158075601,0.00365120274914,0.00773195876289,2
svm,bassoon,violin,studio,0.0171821305842,0.0115979381443,0.0227663230241,2
svm,cello,clarinet,studio,0.111648061105,0.110732471602,0.112563650607,2
svm,cello,double-bass,studio,0.0836956521739,0.0789855072464,0.0884057971014,2
svm,cello,flute,studio,0.0373188405797,0.0351758949585,0.0394617862009,2
svm,cello,french-horn,studio,0.0323795180723,0.0306224899598,0.0341365461847,2
svm,cello,oboe,studio,0.0503691983122,0.04694092827,0.0537974683544,2
svm,cello,trombone,studio,0.00822368421053,0.00566520467836,0.0107821637427,2
svm,cello,trumpet,studio,0.0336538461538,0.0285256410256,0.0387820512821,2
svm,cello,tuba,studio,0.013188844086,0.0124327956989,0.0139448924731,2
svm,cello,viola,studio,0.0258690525021,0.0235490155865,0.0281890894176,2
svm,cello,violin,studio,0.0285993146837,0.0258187282328,0.0313799011347,2
svm,clarinet,double-bass,studio,0.0780519650085,0.0764247943596,0.0796791356574,2
svm,clarinet,flute,studio,0.147705397705,0.129841379841,0.165569415569,2
svm,clarinet,french-horn,studio,0.100808639965,0.0921184738956,0.109498806035,2
svm,clarinet,oboe,studio,0.188826880678,0.18579655605,0.191857205307,2
svm,clarinet,trombone,studio,0.123182392919,0.122441520468,0.123923265371,2
svm,clarinet,trumpet,studio,0.115494340494,0.115384615385,0.115604065604,2
svm,clarinet,tuba,studio,0.0780409946237,0.0757728494624,0.0803091397849,2
svm,clarinet,viola,studio,0.089743930251,0.0844364411581,0.0950514193439,2
svm,clarinet,violin,studio,0.0826786088414,0.0805791256373,0.0847780920455,2
svm,double-bass,flute,studio,0.0225651864239,0.0197696023783,0.0253607704695,2
svm,double-bass,french-horn,studio,0.0338855421687,0.0336345381526,0.0341365461847,2
svm,double-bass,oboe,studio,0.00474683544304,0.00210970464135,0.00738396624473,2
svm,double-bass,trombone,studio,0.0296052631579,0.0266812865497,0.0325292397661,2
svm,double-bass,trumpet,studio,0.0169871794872,0.0157051282051,0.0182692307692,2
svm,double-bass,tuba,studio,0.175829827022,0.169858870968,0.181800783076,2
svm,double-bass,viola,studio,0.0232371137544,0.0224569319114,0.0240172955975,2
svm,double-bass,violin,studio,0.0260602741265,0.0235788113695,0.0285417368835,2
svm,flute,french-horn,studio,0.0134287148594,0.0122991967871,0.0145582329317,2
svm,flute,oboe,studio,0.0661919831224,0.0588080168776,0.0735759493671,2
svm,flute,trombone,studio,0.0234831871345,0.0228435672515,0.0241228070175,2
svm,flute,trumpet,studio,0.0324786324786,0.0310897435897,0.0338675213675,2
svm,flute,tuba,studio,0.00890456989247,0.0085685483871,0.00924059139785,2
svm,flute,viola,studio,0.0282254542278,0.023951110036,0.0324997984196,2
svm,flute,violin,studio,0.0397286821705,0.039409825747,0.0400475385941,2
svm,french-horn,oboe,studio,-0.00474683544304,-0.00474683544304,-0.00474683544304,2
svm,french-horn,trombone,studio,0.00374854681885,0.00370120834214,0.00379588529557,2
svm,french-horn,trumpet,studio,0.0153112449799,0.0135542168675,0.0170682730924,2
svm,french-horn,tuba,studio,0.00646841397849,0.00537634408602,0.00756048387097,2
svm,french-horn,viola,studio,0.00378163597787,0.00376506024096,0.00379821171478,2
svm,french-horn,violin,studio,0.0194440552909,0.015795741104,0.0230923694779,2
svm,oboe,trombone,studio,0,0,0,2
svm,oboe,trumpet,studio,-0.00630477117819,-0.00694579681921,-0.00566374553716,2
svm,oboe,tuba,studio,0,0,0,2
svm,oboe,viola,studio,0.0106803797468,0.0105485232068,0.0108122362869,2
svm,oboe,violin,studio,0.00777953586498,0.00527426160338,0.0102848101266,2
svm,trombone,trumpet,studio,0.0458389563653,0.0438259109312,0.0478520017994,2
svm,trombone,tuba,studio,0.00235215053763,0.00201612903226,0.00268817204301,2
svm,trombone,viola,studio,0.0047514619883,0.00456871345029,0.00493421052632,2
svm,trombone,violin,studio,0.0173611111111,0.0164473684211,0.0182748538012,2
svm,trumpet,tuba,studio,0,0,0,2
svm,trumpet,viola,studio,0.0097454039671,0.00687590711176,0.0126149008224,2
svm,trumpet,violin,studio,0.0102564102564,0.0102564102564,0.0102564102564,2
svm,tuba,viola,studio,0.0049563172043,0.00403225806452,0.00588037634409,2
svm,tuba,violin,studio,0.00310819892473,0.00184811827957,0.00436827956989,2
svm,viola,violin,studio,0.0688395860758,0.0631399005412,0.0745392716104,2
cnn,bassoon,cello,white,0.0114522635589,0.00937173165994,0.0135327954579,2
cnn,bassoon,clarinet,white,0.000429553264605,0,0.00085910652921,2
cnn,bassoon,double-bass,white,0.118437173166,0.117148513372,0.11972583296,2
cnn,bassoon,flute,white,0.0214776632302,0.0214776632302,0.0214776632302,2
cnn,bassoon,french-horn,white,-0.0143382809589,-0.0159141721525,-0.0127623897652,2
cnn,bassoon,oboe,white,-0.0257731958763,-0.0257731958763,-0.0257731958763,2
cnn,bassoon,trombone,white,0.120902287936,0.119935793091,0.121868782782,2
cnn,bassoon,trumpet,white,-0.00515463917526,-0.00515463917526,-0.00515463917526,2
cnn,bassoon,tuba,white,0.00100806451613,0.000672043010753,0.00134408602151,2
cnn,bassoon,viola,white,0.000429553264605,0,0.00085910652921,2
cnn,bassoon,violin,white,0.0352142105544,0.0338181624444,0.0366102586643,2
cnn,cello,clarinet,white,0,0,0,2
cnn,cello,double-bass,white,0.139855072464,0.139492753623,0.140217391304,2
cnn,cello,flute,white,0.00652173913043,0.00579710144928,0.00724637681159,2
cnn,cello,french-horn,white,0.0486947791165,0.0486947791165,0.0486947791165,2
cnn,cello,oboe,white,0.0137130801688,0.0137130801688,0.0137130801688,2
cnn,cello,trombone,white,0.0976433384185,0.0962782862954,0.0990083905416,2
cnn,cello,trumpet,white,0,0,0,2
cnn,cello,tuba,white,0.00201612903226,0.00201612903226,0.00201612903226,2
cnn,cello,viola,white,0,0,0,2
cnn,cello,violin,white,0.0755947365465,0.0736293674868,0.0775601056061,2
cnn,clarinet,double-bass,white,0.0307807807808,0.03003003003,0.0315315315315,2
cnn,clarinet,flute,white,0.000712250712251,0.000712250712251,0.000712250712251,2
cnn,clarinet,french-horn,white,0.00602409638554,0.00602409638554,0.00602409638554,2
cnn,clarinet,oboe,white,0,0,0,2
cnn,clarinet,trombone,white,0.0993954480797,0.0982693219535,0.100521574206,2
cnn,clarinet,trumpet,white,0.0317307692308,0.0294871794872,0.0339743589744,2
cnn,clarinet,tuba,white,0.00134408602151,0.00134408602151,0.00134408602151,2
cnn,clarinet,viola,white,0,0,0,2
cnn,clarinet,violin,white,0.110871045464,0.109958796005,0.111783294923,2
cnn,double-bass,flute,white,0.0366871051654,0.034188034188,0.0391861761427,2
cnn,double-bass,french-horn,white,0.0956456259822,0.0926335777894,0.098657674175,2
cnn,double-bass,oboe,white,0.0527426160338,0.0495780590717,0.0559071729958,2
cnn,double-bass,trombone,white,0.129184146962,0.129099923722,0.129268370201,2
cnn,double-bass,trumpet,white,0.0730769230769,0.0705128205128,0.075641025641,2
cnn,double-bass,tuba,white,0.19623655914,0.194892473118,0.197580645161,2
cnn,double-bass,viola,white,0.00432389937107,0.00393081761006,0.00471698113208,2
cnn,double-bass,violin,white,0.182676805977,0.18109762948,0.184255982474,2
cnn,flute,french-horn,white,0.0500549205368,0.0489050217966,0.0512048192771,2
cnn,flute,oboe,white,0.148206751055,0.144514767932,0.151898734177,2
cnn,flute,trombone,white,0.0532501124606,0.0528846153846,0.0536156095367,2
cnn,flute,trumpet,white,0.00128205128205,0.00128205128205,0.00128205128205,2
cnn,flute,tuba,white,0.00470430107527,0.00403225806452,0.00537634408602,2
cnn,flute,viola,white,0.0550314465409,0.0546383647799,0.0554245283019,2
cnn,flute,violin,white,0.130710428676,0.12747217253,0.133948684821,2
cnn,french-horn,oboe,white,0.000527426160338,0.000527426160338,0.000527426160338,2
cnn,french-horn,trombone,white,0.137607447333,0.135484922145,0.139729972522,2
cnn,french-horn,trumpet,white,0.00192307692308,0.00128205128205,0.0025641025641,2
cnn,french-horn,tuba,white,0.0257056451613,0.0252016129032,0.0262096774194,2
cnn,french-horn,viola,white,-0.000294811320755,-0.000982704402516,0.000393081761006,2
cnn,french-horn,violin,white,0.0299949799197,0.0293674698795,0.0306224899598,2
cnn,oboe,trombone,white,0.0553797468354,0.0548523206751,0.0559071729958,2
cnn,oboe,trumpet,white,0,0,0,2
cnn,oboe,tuba,white,0,0,0,2
cnn,oboe,viola,white,0.00527426160338,0.0042194092827,0.00632911392405,2
cnn,oboe,violin,white,0.150316455696,0.148734177215,0.151898734177,2
cnn,trombone,trumpet,white,0.225320512821,0.224038461538,0.226602564103,2
cnn,trombone,tuba,white,0.228158602151,0.226646505376,0.229670698925,2
cnn,trombone,viola,white,0.0244693396226,0.0239779874214,0.0249606918239,2
cnn,trombone,violin,white,0.0722770467836,0.0714334285326,0.0731206650347,2
cnn,trumpet,tuba,white,0,0,0,2
cnn,trumpet,viola,white,0,0,0,2
cnn,trumpet,violin,white,0.134615384615,0.131730769231,0.1375,2
cnn,tuba,viola,white,0,0,0,2
cnn,tuba,violin,white,0.0367943548387,0.0357862903226,0.0378024193548,2
cnn,viola,violin,white,0.159787735849,0.158411949686,0.161163522013,2
cnn,bassoon,cello,audience,0.0180300313761,0.0157347228448,0.0203253399074,2
cnn,bassoon,clarinet,audience,0.0272766323024,0.0240549828179,0.0304982817869,2
cnn,bassoon,double-bass,audience,0.0753343044972,0.0718978783804,0.0787707306141,2
cnn,bassoon,flute,audience,0.00848367697595,0.00536941580756,0.0115979381443,2
cnn,bassoon,french-horn,audience,-0.00836723181385,-0.0106819028692,-0.0060525607585,2
cnn,bassoon,oboe,audience,-0.0183769955196,-0.0187045978511,-0.018049393188,2
cnn,bassoon,trombone,audience,0.0229170434678,0.0224234340146,0.023410652921,2
cnn,bassoon,trumpet,audience,-0.00085910652921,-0.00107388316151,-0.000644329896907,2
cnn,bassoon,tuba,audience,0,0,0,2
cnn,bassoon,viola,audience,0.00128865979381,0.00085910652921,0.00171821305842,2
cnn,bassoon,violin,audience,0.0636238312155,0.0578731452623,0.0693745171688,2
cnn,cello,clarinet,audience,0.00432579318449,0.00295077686382,0.00570080950516,2
cnn,cello,double-bass,audience,0.0779891304348,0.0724637681159,0.0835144927536,2
cnn,cello,flute,audience,0.0197974730583,0.0196240554936,0.0199708906231,2
cnn,cello,french-horn,audience,0.0358935742972,0.0318775100402,0.0399096385542,2
cnn,cello,oboe,audience,0.0214926160338,0.0208333333333,0.0221518987342,2
cnn,cello,trombone,audience,0.0209795321637,0.0159610983982,0.0259979659293,2
cnn,cello,trumpet,audience,0,0,0,2
cnn,cello,tuba,audience,0,0,0,2
cnn,cello,viola,audience,0.00199275362319,0.00199275362319,0.00199275362319,2
cnn,cello,violin,audience,0.083755336479,0.08028592293,0.0872247500281,2
cnn,clarinet,double-bass,audience,0.0143450515733,0.0108858858859,0.0178042172607,2
cnn,clarinet,flute,audience,0.0117834180334,0.00690113190113,0.0166657041657,2
cnn,clarinet,french-horn,audience,0.0207078313253,0.0193273092369,0.0220883534137,2
cnn,clarinet,oboe,audience,0.0133127589615,0.012957577831,0.013667940092,2
cnn,clarinet,trombone,audience,0.0531477200885,0.0497569938359,0.0565384463411,2
cnn,clarinet,trumpet,audience,0.0470850658351,0.045302032802,0.0488680988681,2
cnn,clarinet,tuba,audience,0.0193212365591,0.0179771505376,0.0206653225806,2
cnn,clarinet,viola,audience,0.000375375375375,0,0.000750750750751,2
cnn,clarinet,violin,audience,0.083931315036,0.0815437530554,0.0863188770166,2
cnn,double-bass,flute,audience,0.0336879103183,0.0311826458566,0.0361931747801,2
cnn,double-bass,french-horn,audience,0.0655120481928,0.0650100401606,0.0660140562249,2
cnn,double-bass,oboe,audience,0.0133175105485,0.0131856540084,0.0134493670886,2
cnn,double-bass,trombone,audience,0.0519776570048,0.0514206712433,0.0525346427663,2
cnn,double-bass,trumpet,audience,0.0314102564103,0.0288461538462,0.0339743589744,2
cnn,double-bass,tuba,audience,0.142486266947,0.133762856475,0.151209677419,2
cnn,double-bass,viola,audience,0.00411966776046,0.00235849056604,0.00588084495488,2
cnn,double-bass,violin,audience,0.11560639254,0.104646949781,0.126565835299,2
cnn,flute,french-horn,audience,0.0126993014794,0.0105743486768,0.0148242542821,2
cnn,flute,oboe,audience,0.0180846316131,0.0145042194093,0.0216650438169,2
cnn,flute,trombone,audience,0.0136873969111,0.0113350952167,0.0160396986055,2
cnn,flute,trumpet,audience,0.000480769230769,0,0.000961538461538,2
cnn,flute,tuba,audience,0.00663642473118,0.00621639784946,0.0070564516129,2
cnn,flute,viola,audience,0.0191089810783,0.0173913481697,0.020826613987,2
cnn,flute,violin,audience,0.0789935731796,0.0718710660571,0.0861160803021,2
cnn,french-horn,oboe,audience,0.000791139240506,0.000791139240506,0.000791139240506,2
cnn,french-horn,trombone,audience,0.0549335499894,0.044881279504,0.0649858204749,2
cnn,french-horn,trumpet,audience,0.00640060240964,0.00476907630522,0.00803212851406,2
cnn,french-horn,tuba,audience,0.000840053763441,0.000672043010753,0.00100806451613,2
cnn,french-horn,viola,audience,0.00294574524513,0.00283681897401,0.00305467151625,2
cnn,french-horn,violin,audience,0.0558483935743,0.054718875502,0.0569779116466,2
cnn,oboe,trombone,audience,0.00646097046414,0.00527426160338,0.00764767932489,2
cnn,oboe,trumpet,audience,0.00201639078221,0.00131856540084,0.00271421616358,2
cnn,oboe,tuba,audience,0,0,0,2
cnn,oboe,viola,audience,0.0147679324895,0.0139767932489,0.01555907173,2
cnn,oboe,violin,audience,0.161392405063,0.159546413502,0.163238396624,2
cnn,trombone,trumpet,audience,0.050088562753,0.0461960188934,0.0539811066127,2
cnn,trombone,tuba,audience,0.0929099462366,0.0927419354839,0.0930779569892,2
cnn,trombone,viola,audience,0.00360152543308,0.00293432086506,0.0042687300011,2
cnn,trombone,violin,audience,0.0560634264926,0.0491338569291,0.062992996056,2
cnn,trumpet,tuba,audience,0.00252016129032,0.00235215053763,0.00268817204301,2
cnn,trumpet,viola,audience,0.000480769230769,0,0.000961538461538,2
cnn,trumpet,violin,audience,0.100408715961,0.0958407871199,0.104976644802,2
cnn,tuba,viola,audience,0,0,0,2
cnn,tuba,violin,audience,0.0397345430108,0.0386424731183,0.0408266129032,2
cnn,viola,violin,audience,0.0937439057091,0.0847517795329,0.102736031885,2
cnn,bassoon,cello,studio,0.0431318168235,0.041238981025,0.0450246526221,2
cnn,bassoon,clarinet,studio,0.0210481099656,0.0189003436426,0.0231958762887,2
cnn,bassoon,double-bass,studio,0.109128006873,0.105335798596,0.11292021515,2
cnn,bassoon,flute,studio,0.0222293814433,0.0212628865979,0.0231958762887,2
cnn,bassoon,french-horn,studio,-0.00532801308326,-0.00662184821761,-0.00403417794891,2
cnn,bassoon,oboe,studio,-0.0197784810127,-0.0212819174388,-0.0182750445865,2
cnn,bassoon,trombone,studio,0.00942944776029,0.0090206185567,0.00983827696389,2
cnn,bassoon,trumpet,studio,-0.00214776632302,-0.00386597938144,-0.000429553264605,2
cnn,bassoon,tuba,studio,0.00134408602151,0.000672043010753,0.00201612903226,2
cnn,bassoon,viola,studio,0.00751718213058,0.00429553264605,0.0107388316151,2
cnn,bassoon,violin,studio,0.0356462612217,0.0329607208503,0.038331801593,2
cnn,cello,clarinet,studio,0.0223348348348,0.0212087087087,0.023460960961,2
cnn,cello,double-bass,studio,0.125543478261,0.121557971014,0.129528985507,2
cnn,cello,flute,studio,0.0593939675461,0.0563699987613,0.062417936331,2
cnn,cello,french-horn,studio,0.0495787497817,0.0460428671207,0.0531146324428,2
cnn,cello,oboe,studio,0.0599947257384,0.0569620253165,0.0630274261603,2
cnn,cello,trombone,studio,0.0099240401729,0.0076468344775,0.0122012458683,2
cnn,cello,trumpet,studio,0.0025641025641,0.00128205128205,0.00384615384615,2
cnn,cello,tuba,studio,0.00100806451613,0.000672043010753,0.00134408602151,2
cnn,cello,viola,studio,0.0248410582445,0.0200215340443,0.0296605824446,2
cnn,cello,violin,studio,0.0668253567015,0.0646963824289,0.068954330974,2
cnn,clarinet,double-bass,studio,0.0424174174174,0.0422297297297,0.0426051051051,2
cnn,clarinet,flute,studio,0.04004004004,0.0357954107954,0.0442846692847,2
cnn,clarinet,french-horn,studio,0.0283317956511,0.0263554216867,0.0303081696154,2
cnn,clarinet,oboe,studio,0.0369530923328,0.0343254647052,0.0395807199605,2
cnn,clarinet,trombone,studio,0.0210605342184,0.0199640429904,0.0221570254465,2
cnn,clarinet,trumpet,studio,0.0413158350658,0.0408235158235,0.0418081543082,2
cnn,clarinet,tuba,studio,0.0131048387097,0.0120967741935,0.0141129032258,2
cnn,clarinet,viola,studio,0.0135135135135,0.0112612612613,0.0157657657658,2
cnn,clarinet,violin,studio,0.136671555276,0.133616174314,0.139726936239,2
cnn,double-bass,flute,studio,0.0896522358479,0.0878669639539,0.0914375077419,2
cnn,double-bass,french-horn,studio,0.11525122228,0.109269687445,0.121232757115,2
cnn,double-bass,oboe,studio,0.0592035864979,0.0582805907173,0.0601265822785,2
cnn,double-bass,trombone,studio,0.0777332824816,0.0726957793033,0.0827707856598,2
cnn,double-bass,trumpet,studio,0.0758012820513,0.0692307692308,0.0823717948718,2
cnn,double-bass,tuba,studio,0.142893145161,0.135584677419,0.150201612903,2
cnn,double-bass,viola,studio,0.0366224022423,0.0359054552912,0.0373393491933,2
cnn,double-bass,violin,studio,0.159225087069,0.146132457027,0.17231771711,2
cnn,flute,french-horn,studio,0.0294961898878,0.0238689801943,0.0351233995812,2
cnn,flute,oboe,studio,0.0180643459916,0.0158227848101,0.020305907173,2
cnn,flute,trombone,studio,0.0153883640726,0.0129189158794,0.0178578122657,2
cnn,flute,trumpet,studio,0.0025641025641,0.000641025641026,0.00448717948718,2
cnn,flute,tuba,studio,0.0323420698925,0.0307459677419,0.033938172043,2
cnn,flute,viola,studio,0.0167832473257,0.0162490592915,0.0173174353599,2
cnn,flute,violin,studio,0.0827183959451,0.0819792287816,0.0834575631087,2
cnn,french-horn,oboe,studio,0.00487869198312,0.00474683544304,0.00501054852321,2
cnn,french-horn,trombone,studio,0.0701126875925,0.0690371133657,0.0711882618192,2
cnn,french-horn,trumpet,studio,0.00871756255792,0.00846076614149,0.00897435897436,2
cnn,french-horn,tuba,studio,0.0343581989247,0.0299059139785,0.038810483871,2
cnn,french-horn,viola,studio,0.00377334810942,0.00185174660908,0.00569494960976,2
cnn,french-horn,violin,studio,0.0366475592292,0.0333660222284,0.0399290962299,2
cnn,oboe,trombone,studio,0.0017141350211,0.00131856540084,0.00210970464135,2
cnn,oboe,trumpet,studio,0.00158227848101,0.00105485232068,0.00210970464135,2
cnn,oboe,tuba,studio,0,0,0,2
cnn,oboe,viola,studio,0.0143723628692,0.0116033755274,0.017141350211,2
cnn,oboe,violin,studio,0.127505274262,0.12473628692,0.130274261603,2
cnn,trombone,trumpet,studio,0.0283358636977,0.0280561178587,0.0286156095367,2
cnn,trombone,tuba,studio,0.101394489247,0.100302419355,0.10248655914,2
cnn,trombone,viola,studio,0.0140061238001,0.0138026867483,0.0142095608518,2
cnn,trombone,violin,studio,0.0741895314837,0.0722324221406,0.0761466408269,2
cnn,trumpet,tuba,studio,0,0,0,2
cnn,trumpet,viola,studio,0.0149038461538,0.0141025641026,0.0157051282051,2
cnn,trumpet,violin,studio,0.135576923077,0.135576923077,0.135576923077,2
cnn,tuba,viola,studio,0.00411626344086,0.00184811827957,0.00638440860215,2
cnn,tuba,violin,studio,0.0259576612903,0.0252016129032,0.0267137096774,2
cnn,viola,violin,studio,0.142880649408,0.141354029545,0.14440726927,2
crnn,bassoon,cello,white,0.00355595398177,0.00348871955775,0.0036231884058,2
crnn,bassoon,clarinet,white,0.044029209622,0.0425257731959,0.0455326460481,2
crnn,bassoon,double-bass,white,0.00883012102196,0.00665620797848,0.0110040340654,2
crnn,bassoon,flute,white,0.0824742268041,0.0807560137457,0.0841924398625,2
crnn,bassoon,french-horn,white,0.0303145571979,0.0299548710305,0.0306742433652,2
crnn,bassoon,oboe,white,-0.0300687285223,-0.0300687285223,-0.0300687285223,2
crnn,bassoon,trombone,white,0.0467798577199,0.0452764212938,0.048283294146,2
crnn,bassoon,trumpet,white,0.000644329896907,-0.00085910652921,0.00214776632302,2
crnn,bassoon,tuba,white,0.00134408602151,0.00134408602151,0.00134408602151,2
crnn,bassoon,viola,white,0,0,0,2
crnn,bassoon,violin,white,0.141293055223,0.141293055223,0.141293055223,2
crnn,cello,clarinet,white,0.043115942029,0.0427536231884,0.0434782608696,2
crnn,cello,double-bass,white,0.00942028985507,0.00905797101449,0.00978260869565,2
crnn,cello,flute,white,0.0663043478261,0.0652173913043,0.0673913043478,2
crnn,cello,french-horn,white,0.0035140562249,0.0035140562249,0.0035140562249,2
crnn,cello,oboe,white,0.0042194092827,0.0042194092827,0.0042194092827,2
crnn,cello,trombone,white,0.0155797101449,0.0144927536232,0.0166666666667,2
crnn,cello,trumpet,white,0.000724637681159,0.000724637681159,0.000724637681159,2
crnn,cello,tuba,white,0,0,0,2
crnn,cello,viola,white,0,0,0,2
crnn,cello,violin,white,0.217894056848,0.216807100326,0.218981013369,2
crnn,clarinet,double-bass,white,0.0123188405797,0.0123188405797,0.0123188405797,2
crnn,clarinet,flute,white,0.031339031339,0.0306075306075,0.0320705320705,2
crnn,clarinet,french-horn,white,0.0409136546185,0.0396586345382,0.0421686746988,2
crnn,clarinet,oboe,white,0.0205696202532,0.0200421940928,0.0210970464135,2
crnn,clarinet,trombone,white,0.0551604235815,0.0548048048048,0.0555160423581,2
crnn,clarinet,trumpet,white,0.0427812427812,0.0416089166089,0.0439535689536,2
crnn,clarinet,tuba,white,0.036626344086,0.0349462365591,0.0383064516129,2
crnn,clarinet,viola,white,0,0,0,2
crnn,clarinet,violin,white,0.174767791047,0.173798798799,0.175736783295,2
crnn,double-bass,flute,white,0.128623188406,0.127536231884,0.129710144928,2
crnn,double-bass,french-horn,white,0,0,0,2
crnn,double-bass,oboe,white,0,0,0,2
crnn,double-bass,trombone,white,0.00289855072464,0.00289855072464,0.00289855072464,2
crnn,double-bass,trumpet,white,0,0,0,2
crnn,double-bass,tuba,white,0,0,0,2
crnn,double-bass,viola,white,0,0,0,2
crnn,double-bass,violin,white,0.152331198742,0.151724525334,0.152937872149,2
crnn,flute,french-horn,white,0.102911646586,0.10140562249,0.104417670683,2
crnn,flute,oboe,white,0.141877637131,0.14029535865,0.143459915612,2
crnn,flute,trombone,white,0.025088094167,0.024722597091,0.0254535912431,2
crnn,flute,trumpet,white,0.00633903133903,0.00505698005698,0.00762108262108,2
crnn,flute,tuba,white,0.123319892473,0.122983870968,0.123655913978,2
crnn,flute,viola,white,0.101022012579,0.100628930818,0.10141509434,2
crnn,flute,violin,white,0.168867604187,0.167519711124,0.17021549725,2
crnn,french-horn,oboe,white,-0.00580168776371,-0.00580168776371,-0.00580168776371,2
crnn,french-horn,trombone,white,0.0736432572395,0.0720117311351,0.0752747833439,2
crnn,french-horn,trumpet,white,0.00753012048193,0.00602409638554,0.00903614457831,2
crnn,french-horn,tuba,white,0.0330981182796,0.0325940860215,0.0336021505376,2
crnn,french-horn,viola,white,0,0,0,2
crnn,french-horn,violin,white,0.128388554217,0.128012048193,0.128765060241,2
crnn,oboe,trombone,white,0,0,0,2
crnn,oboe,trumpet,white,0.00105485232068,0.00105485232068,0.00105485232068,2
crnn,oboe,tuba,white,0,0,0,2
crnn,oboe,viola,white,0.00949367088608,0.0084388185654,0.0105485232068,2
crnn,oboe,violin,white,0.251054852321,0.25052742616,0.251582278481,2
crnn,trombone,trumpet,white,0.197710020243,0.197435897436,0.19798414305,2
crnn,trombone,tuba,white,0.168010752688,0.165658602151,0.170362903226,2
crnn,trombone,viola,white,0,0,0,2
crnn,trombone,violin,white,0.117607184143,0.117192812458,0.118021555828,2
crnn,trumpet,tuba,white,0,0,0,2
crnn,trumpet,viola,white,0,0,0,2
crnn,trumpet,violin,white,0.205769230769,0.204487179487,0.207051282051,2
crnn,tuba,viola,white,0,0,0,2
crnn,tuba,violin,white,0.125,0.125,0.125,2
crnn,viola,violin,white,0.183962264151,0.18356918239,0.184355345912,2
crnn,bassoon,cello,audience,0.0114896160167,0.0104960406395,0.012483191394,2
crnn,bassoon,clarinet,audience,0.0213702749141,0.0201890034364,0.0225515463918,2
crnn,bassoon,double-bass,audience,0.0207520917376,0.0199536829523,0.0215505005229,2
crnn,bassoon,flute,audience,0.0215850515464,0.0208333333333,0.0223367697595,2
crnn,bassoon,french-horn,audience,0.0180360617729,0.0133032128514,0.0227689106943,2
crnn,bassoon,oboe,audience,-0.0209543151072,-0.0227663230241,-0.0191423071904,2
crnn,bassoon,trombone,audience,0.0396715047929,0.0363424669922,0.0430005425936,2
crnn,bassoon,trumpet,audience,0.0179338487973,0.0158934707904,0.0199742268041,2
crnn,bassoon,tuba,audience,0.00697244623656,0.00386424731183,0.0100806451613,2
crnn,bassoon,viola,audience,0.000536941580756,0,0.00107388316151,2
crnn,bassoon,violin,audience,0.05179363462,0.0475455526253,0.0560417166147,2
crnn,cello,clarinet,audience,0.00571631414023,0.00561594202899,0.00581668625147,2
crnn,cello,double-bass,audience,0.060597826087,0.0539855072464,0.0672101449275,2
crnn,cello,flute,audience,0.00992041372476,0.00957667533754,0.010264152112,2
crnn,cello,french-horn,audience,0.00803212851406,0.00602409638554,0.0100401606426,2
crnn,cello,oboe,audience,0.0116033755274,0.0105485232068,0.0126582278481,2
crnn,cello,trombone,audience,0.0203025680142,0.0164918637173,0.0241132723112,2
crnn,cello,trumpet,audience,0.00389492753623,0.0036231884058,0.00416666666667,2
crnn,cello,tuba,audience,0.00134408602151,0.00134408602151,0.00134408602151,2
crnn,cello,viola,audience,0.00169196062346,0.00132964178288,0.00205427946404,2
crnn,cello,violin,audience,0.0880870126952,0.0836015616223,0.0925724637681,2
crnn,clarinet,double-bass,audience,0.00112612612613,0.000750750750751,0.0015015015015,2
crnn,clarinet,flute,audience,0.0322365634866,0.0278210903211,0.036652036652,2
crnn,clarinet,french-horn,audience,0.0330070281124,0.0286144578313,0.0373995983936,2
crnn,clarinet,oboe,audience,0.0284180541301,0.0263665564298,0.0304695518303,2
crnn,clarinet,trombone,audience,0.046966374269,0.0424272957168,0.0515054528212,2
crnn,clarinet,trumpet,audience,0.0428158928159,0.0367694617695,0.0488623238623,2
crnn,clarinet,tuba,audience,0.0174731182796,0.0159610215054,0.0189852150538,2
crnn,clarinet,viola,audience,0,0,0,2
crnn,clarinet,violin,audience,0.0834970144563,0.0769999650814,0.0899940638313,2
crnn,double-bass,flute,audience,0.0236451752756,0.0216555183946,0.0256348321566,2
crnn,double-bass,french-horn,audience,0.0140562248996,0.00903614457831,0.0190763052209,2
crnn,double-bass,oboe,audience,0.0025052742616,0.00210970464135,0.00290084388186,2
crnn,double-bass,trombone,audience,0.0262323607933,0.0225829519451,0.0298817696415,2
crnn,double-bass,trumpet,audience,0.0106605351171,0.00919732441472,0.0121237458194,2
crnn,double-bass,tuba,audience,0.0877016129032,0.0877016129032,0.0877016129032,2
crnn,double-bass,viola,audience,0.00588853568499,0.00432389937107,0.00745317199891,2
crnn,double-bass,violin,audience,0.109329710145,0.0990562858106,0.119603134479,2
crnn,flute,french-horn,audience,0.0318163680362,0.0251004016064,0.0385323344661,2
crnn,flute,oboe,audience,0.0382383966245,0.0297995780591,0.0466772151899,2
crnn,flute,trombone,audience,0.013328928625,0.0104541535463,0.0162037037037,2
crnn,flute,trumpet,audience,0.00434472934473,0.00366809116809,0.00502136752137,2
crnn,flute,tuba,audience,0.0280577956989,0.0257056451613,0.0304099462366,2
crnn,flute,viola,audience,0.0282061361071,0.0232707762189,0.0331414959953,2
crnn,flute,violin,audience,0.0990194129729,0.0866709732989,0.111367852647,2
crnn,french-horn,oboe,audience,-0.00461497890295,-0.00474683544304,-0.00448312236287,2
crnn,french-horn,trombone,audience,0.0909008842387,0.0771044705136,0.104697297964,2
crnn,french-horn,trumpet,audience,0.0180722891566,0.0173192771084,0.0188253012048,2
crnn,french-horn,tuba,audience,0.000672043010753,0.000672043010753,0.000672043010753,2
crnn,french-horn,viola,audience,0.0035140562249,0.000753012048193,0.00627510040161,2
crnn,french-horn,violin,audience,0.0505773092369,0.0486947791165,0.0524598393574,2
crnn,oboe,trombone,audience,0.00210970464135,0.000527426160338,0.00369198312236,2
crnn,oboe,trumpet,audience,0.00579357351509,0.0042194092827,0.00736773774748,2
crnn,oboe,tuba,audience,0,0,0,2
crnn,oboe,viola,audience,0.0134493670886,0.0118670886076,0.0150316455696,2
crnn,oboe,violin,audience,0.159018987342,0.150580168776,0.167457805907,2
crnn,trombone,trumpet,audience,0.0912112010796,0.0873060053981,0.0951163967611,2
crnn,trombone,tuba,audience,0.112315188172,0.111055107527,0.113575268817,2
crnn,trombone,viola,audience,0.000730994152047,0.000182748538012,0.00127923976608,2
crnn,trombone,violin,audience,0.0568262953896,0.0495206038352,0.0641319869441,2
crnn,trumpet,tuba,audience,0.00218413978495,0.000168010752688,0.0042002688172,2
crnn,trumpet,viola,audience,0.000160256410256,0,0.000320512820513,2
crnn,trumpet,violin,audience,0.0935363247863,0.0852812562115,0.101791393361,2
crnn,tuba,viola,audience,0,0,0,2
crnn,tuba,violin,audience,0.0419186827957,0.0394825268817,0.0443548387097,2
crnn,viola,violin,audience,0.0953055677441,0.0858258982985,0.10478523719,2
crnn,bassoon,cello,studio,0.0162147019274,0.0159457642313,0.0164836396235,2
crnn,bassoon,clarinet,studio,0.0193298969072,0.0133161512027,0.0253436426117,2
crnn,bassoon,double-bass,studio,0.0323098759898,0.0297456297624,0.0348741222172,2
crnn,bassoon,flute,studio,0.0876628263871,0.0872672335301,0.088058419244,2
crnn,bassoon,french-horn,studio,0.0217610131247,0.0200751459446,0.0234468803047,2
crnn,bassoon,oboe,studio,-0.022141023968,-0.0238592370264,-0.0204228109096,2
crnn,bassoon,trombone,studio,0.0280528425876,0.0279661783324,0.0281395068427,2
crnn,bassoon,trumpet,studio,0.00869184509648,0.00686624372191,0.0105174464711,2
crnn,bassoon,tuba,studio,0.00201612903226,0.00134408602151,0.00268817204301,2
crnn,bassoon,viola,studio,0.00612113402062,0.00279209621993,0.00945017182131,2
crnn,bassoon,violin,studio,0.0288633154852,0.0266039985082,0.0311226324622,2
crnn,cello,clarinet,studio,0.0108206032119,0.00994744744745,0.0116937589764,2
crnn,cello,double-bass,studio,0.0844202898551,0.0797101449275,0.0891304347826,2
crnn,cello,flute,studio,0.0617451690821,0.0567725752508,0.0667177629134,2
crnn,cello,french-horn,studio,0.0136306093941,0.0130522088353,0.0142090099529,2
crnn,cello,oboe,studio,0.0323048523207,0.0313818565401,0.0332278481013,2
crnn,cello,trombone,studio,0.00435736079329,0.00217391304348,0.0065408085431,2
crnn,cello,trumpet,studio,0.00352564102564,0.00288461538462,0.00416666666667,2
crnn,cello,tuba,studio,0,0,0,2
crnn,cello,viola,studio,0.0188465613891,0.0160138091332,0.0216793136451,2
crnn,cello,violin,studio,0.0805520447141,0.0803533310864,0.0807507583418,2
crnn,clarinet,double-bass,studio,0.00931910171041,0.00595377986682,0.012684423554,2
crnn,clarinet,flute,studio,0.119306806807,0.115278740279,0.123334873335,2
crnn,clarinet,french-horn,studio,0.0372740963855,0.0333835341365,0.0411646586345,2
crnn,clarinet,oboe,studio,0.0543165792375,0.0507968411449,0.05783631733,2
crnn,clarinet,trombone,studio,0.0126145882725,0.0102339181287,0.0149952584163,2
crnn,clarinet,trumpet,studio,0.0295507045507,0.0282686532687,0.0308327558328,2
crnn,clarinet,tuba,studio,0.0216733870968,0.0206653225806,0.0226814516129,2
crnn,clarinet,viola,studio,0.00929054054054,0.00694444444444,0.0116366366366,2
crnn,clarinet,violin,studio,0.153676932747,0.149923178993,0.1574306865,2
crnn,double-bass,flute,studio,0.0982960175895,0.0982116313638,0.0983804038152,2
crnn,double-bass,french-horn,studio,0.0308036493801,0.0267177405273,0.0348895582329,2
crnn,double-bass,oboe,studio,0.0114715189873,0.0110759493671,0.0118670886076,2
crnn,double-bass,trombone,studio,0.0278691520468,0.0274122807018,0.0283260233918,2
crnn,double-bass,trumpet,studio,0.0267628205128,0.0266025641026,0.0269230769231,2
crnn,double-bass,tuba,studio,0.0419186827957,0.0302419354839,0.0535954301075,2
crnn,double-bass,viola,studio,0.0272867104184,0.0264253486464,0.0281480721903,2
crnn,double-bass,violin,studio,0.114285613976,0.10241826761,0.126152960342,2
crnn,flute,french-horn,studio,0.097182533553,0.0910329351594,0.103332131947,2
crnn,flute,oboe,studio,0.0427215189873,0.040611814346,0.0448312236287,2
crnn,flute,trombone,studio,0.0542669440696,0.0538920752737,0.0546418128655,2
crnn,flute,trumpet,studio,0.0212428774929,0.0211182336182,0.0213675213675,2
crnn,flute,tuba,studio,0.118363575269,0.113407258065,0.123319892473,2
crnn,flute,viola,studio,0.0358057168199,0.0329499946245,0.0386614390152,2
crnn,flute,violin,studio,0.135565742397,0.129753859405,0.141377625389,2
crnn,french-horn,oboe,studio,-0.0017141350211,-0.00369198312236,0.000263713080169,2
crnn,french-horn,trombone,studio,0.0510264743183,0.0467417917283,0.0553111569083,2
crnn,french-horn,trumpet,studio,0.0114341983318,0.0107931726908,0.0120752239728,2
crnn,french-horn,tuba,studio,0.0390625,0.0307459677419,0.0473790322581,2
crnn,french-horn,viola,studio,0.00338855421687,0.000753012048193,0.00602409638554,2
crnn,french-horn,violin,studio,0.0294929718876,0.0281124497992,0.0308734939759,2
crnn,oboe,trombone,studio,0,0,0,2
crnn,oboe,trumpet,studio,0.00303270042194,0.00105485232068,0.00501054852321,2
crnn,oboe,tuba,studio,0,0,0,2
crnn,oboe,viola,studio,0.0114715189873,0.0110759493671,0.0118670886076,2
crnn,oboe,violin,studio,0.15611814346,0.153481012658,0.158755274262,2
crnn,trombone,trumpet,studio,0.0516981556455,0.0462241340531,0.057172177238,2
crnn,trombone,tuba,studio,0.104250672043,0.103998655914,0.104502688172,2
crnn,trombone,viola,studio,0.00959429824561,0.00950292397661,0.00968567251462,2
crnn,trombone,violin,studio,0.100195073439,0.0981359649123,0.102254181967,2
crnn,trumpet,tuba,studio,0.000336021505376,0,0.000672043010753,2
crnn,trumpet,viola,studio,0.0152243589744,0.0144230769231,0.0160256410256,2
crnn,trumpet,violin,studio,0.155608974359,0.153205128205,0.158012820513,2
crnn,tuba,viola,studio,0.00134408602151,0.000504032258065,0.00218413978495,2
crnn,tuba,violin,studio,0.0139448924731,0.0137768817204,0.0141129032258,2
crnn,viola,violin,studio,0.148095077032,0.145396067964,0.1507940861,2
mert,bassoon,cello,white,0.000429553264605,0.000429553264605,0.000429553264605,2
mert,bassoon,clarinet,white,0.00300687285223,0.00300687285223,0.00300687285223,2
mert,bassoon,double-bass,white,0.0725945017182,0.0700171821306,0.0751718213058,2
mert,bassoon,flute,white,0.0111683848797,0.0111683848797,0.0111683848797,2
mert,bassoon,french-horn,white,0.0403728315323,0.0403728315323,0.0403728315323,2
mert,bassoon,oboe,white,-0.014175257732,-0.014175257732,-0.014175257732,2
mert,bassoon,trombone,white,0.00380003918732,0.00317643335142,0.00442364502321,2
mert,bassoon,trumpet,white,-0.00560401797515,-0.00560401797515,-0.00560401797515,2
mert,bassoon,tuba,white,0,0,0,2
mert,bassoon,viola,white,0,0,0,2
mert,bassoon,violin,white,0.100401415861,0.0994349210155,0.101367910706,2
mert,cello,clarinet,white,0.00434782608696,0.00398550724638,0.00471014492754,2
mert,cello,double-bass,white,0.16222826087,0.159239130435,0.165217391304,2
mert,cello,flute,white,0.00541000867088,0.0050476898303,0.00577232751146,2
mert,cello,french-horn,white,-0.0120481927711,-0.0125502008032,-0.011546184739,2
mert,cello,oboe,white,0.0176687763713,0.0168776371308,0.0184599156118,2
mert,cello,trombone,white,0.00951245868294,0.00878464276634,0.0102402745995,2
mert,cello,trumpet,white,-0.00303790412486,-0.00303790412486,-0.00303790412486,2
mert,cello,tuba,white,0.0131048387097,0.0120967741935,0.0141129032258,2
mert,cello,viola,white,-0.0166666666667,-0.0166666666667,-0.0166666666667,2
mert,cello,violin,white,0.0775706381305,0.0742191888552,0.0809220874059,2
mert,clarinet,double-bass,white,0.00731981981982,0.00713213213213,0.00750750750751,2
mert,clarinet,flute,white,0.0676782551783,0.0667301917302,0.0686263186263,2
mert,clarinet,french-horn,white,0,0,0,2
mert,clarinet,oboe,white,-0.0121308016878,-0.0126582278481,-0.0116033755274,2
mert,clarinet,trombone,white,0.00957207207207,0.00882132132132,0.0103228228228,2
mert,clarinet,trumpet,white,-0.00728805728806,-0.00830445830446,-0.00627165627166,2
mert,clarinet,tuba,white,0.0223454301075,0.0221774193548,0.0225134408602,2
mert,clarinet,viola,white,0,0,0,2
mert,clarinet,violin,white,0.154968922411,0.153332111181,0.156605733641,2
mert,double-bass,flute,white,0.0328254676081,0.0321070234114,0.0335439118048,2
mert,double-bass,french-horn,white,0.0725401606426,0.0717871485944,0.0732931726908,2
mert,double-bass,oboe,white,0.0242616033755,0.0237341772152,0.0247890295359,2
mert,double-bass,trombone,white,0.0476910119502,0.0473255148741,0.0480565090262,2
mert,double-bass,trumpet,white,0.0269230769231,0.0259615384615,0.0278846153846,2
mert,double-bass,tuba,white,0.374495967742,0.374495967742,0.374495967742,2
mert,double-bass,viola,white,0.0305757793273,0.0285736259229,0.0325779327317,2
mert,double-bass,violin,white,0.0391536063364,0.0383678800135,0.0399393326593,2
mert,flute,french-horn,white,0.0476907630522,0.0476907630522,0.0476907630522,2
mert,flute,oboe,white,0.138550795196,0.137495942876,0.139605647517,2
mert,flute,trombone,white,0,0,0,2
mert,flute,trumpet,white,0.0611467236467,0.0606837606838,0.0616096866097,2
mert,flute,tuba,white,0.00100806451613,0.00100806451613,0.00100806451613,2
mert,flute,viola,white,-0.00505630812235,-0.00584247164436,-0.00427014460033,2
mert,flute,violin,white,0.147435897436,0.14707977208,0.147792022792,2
mert,french-horn,oboe,white,0,0,0,2
mert,french-horn,trombone,white,-0.00267957796097,-0.00330708800113,-0.00205206792081,2
mert,french-horn,trumpet,white,0.00407012666049,0.00407012666049,0.00407012666049,2
mert,french-horn,tuba,white,0.0151209677419,0.0144489247312,0.0157930107527,2
mert,french-horn,viola,white,0.000786163522013,0.000786163522013,0.000786163522013,2
mert,french-horn,violin,white,0.113328313253,0.113202811245,0.113453815261,2
mert,oboe,trombone,white,0.0174050632911,0.0168776371308,0.0179324894515,2
mert,oboe,trumpet,white,0.00390903927296,0.00351346965271,0.00430460889322,2
mert,oboe,tuba,white,0,0,0,2
mert,oboe,viola,white,-0.00142803120771,-0.00142803120771,-0.00142803120771,2
mert,oboe,violin,white,0.153612869198,0.152162447257,0.155063291139,2
mert,trombone,trumpet,white,0.0444388214125,0.0425157444894,0.0463618983356,2
mert,trombone,tuba,white,0.0114247311828,0.0110887096774,0.0117607526882,2
mert,trombone,viola,white,0,0,0,2
mert,trombone,violin,white,0.093526876785,0.0918120155039,0.0952417380661,2
mert,trumpet,tuba,white,0,0,0,2
mert,trumpet,viola,white,0,0,0,2
mert,trumpet,violin,white,0.153215066587,0.152571556351,0.153858576824,2
mert,tuba,viola,white,0,0,0,2
mert,tuba,violin,white,0.00100806451613,0.000840053763441,0.00117607526882,2
mert,viola,violin,white,0.142442622251,0.140610526059,0.144274718444,2
mert,bassoon,cello,audience,0.00740979381443,0.00451030927835,0.0103092783505,2
mert,bassoon,clarinet,audience,0.0177771199034,0.0162069285781,0.0193473112288,2
mert,bassoon,double-bass,audience,0.0274708650829,0.0273027790229,0.027638951143,2
mert,bassoon,flute,audience,0.00085910652921,-0.00128865979381,0.00300687285223,2
mert,bassoon,french-horn,audience,0.0315087670269,0.028746429015,0.0342711050387,2
mert,bassoon,oboe,audience,-0.00966494845361,-0.0111683848797,-0.00816151202749,2
mert,bassoon,trombone,audience,0.0239494785073,0.0227060348466,0.025192922168,2
mert,bassoon,trumpet,audience,0.00495968807824,0.00300026434047,0.00691911181602,2
mert,bassoon,tuba,audience,0.00462982208181,0.00421932158297,0.00504032258065,2
mert,bassoon,viola,audience,0.00279209621993,0.00236254295533,0.00322164948454,2
mert,bassoon,violin,audience,0.0657724300061,0.0634673273129,0.0680775326993,2
mert,cello,clarinet,audience,0.0177136375506,0.0104582843713,0.0249689907299,2
mert,cello,double-bass,audience,0.0613224637681,0.0557971014493,0.066847826087,2
mert,cello,flute,audience,0.0236103369256,0.0151012634708,0.0321194103803,2
mert,cello,french-horn,audience,-0.00150602409639,-0.00225903614458,-0.000753012048193,2
mert,cello,oboe,audience,0.0258519079068,0.0245413685562,0.0271624472574,2
mert,cello,trombone,audience,0.0217081426392,0.0176916475973,0.0257246376812,2
mert,cello,trumpet,audience,0.0161371237458,0.0156772575251,0.0165969899666,2
mert,cello,tuba,audience,0.0353925607761,0.0347782258065,0.0360068957457,2
mert,cello,viola,audience,0.00300194831829,0.00261655728739,0.00338733934919,2
mert,cello,violin,audience,0.0623630771823,0.0552901359398,0.0694360184249,2
mert,clarinet,double-bass,audience,0.00674941245593,0.00659355007181,0.00690527484006,2
mert,clarinet,flute,audience,0.00808500808501,0.00701181951182,0.0091581966582,2
mert,clarinet,french-horn,audience,0.0074046184739,0.00577309236948,0.00903614457831,2
mert,clarinet,oboe,audience,0.00818342076253,0.00804443684191,0.00832240468316,2
mert,clarinet,trombone,audience,0.0116983760076,0.00844594594595,0.0149508060692,2
mert,clarinet,trumpet,audience,0.0275900900901,0.0261521136521,0.0290280665281,2
mert,clarinet,tuba,audience,0.0135445425264,0.0112567204301,0.0158323646227,2
mert,clarinet,viola,audience,0.00544736953935,0.00487987987988,0.00601485919882,2
mert,clarinet,violin,audience,0.0687853551226,0.0570788812068,0.0804918290383,2
mert,double-bass,flute,audience,0.0235042735043,0.0215455840456,0.025462962963,2
mert,double-bass,french-horn,audience,0.031124497992,0.0256024096386,0.0366465863454,2
mert,double-bass,oboe,audience,0.00870253164557,0.00553797468354,0.0118670886076,2
mert,double-bass,trombone,audience,0.0244541380625,0.0235284769896,0.0253797991355,2
mert,double-bass,trumpet,audience,0.0162834448161,0.0161928651059,0.0163740245262,2
mert,double-bass,tuba,audience,0.157426075269,0.145497311828,0.16935483871,2
mert,double-bass,viola,audience,0.0177655865463,0.0141765791632,0.0213545939295,2
mert,double-bass,violin,audience,0.0337286540838,0.0300879114706,0.037369396697,2
mert,flute,french-horn,audience,0.00753012048193,0.00276104417671,0.0122991967871,2
mert,flute,oboe,audience,0.0278442695373,0.0248949655595,0.0307935735151,2
mert,flute,trombone,audience,0.00540982531114,0.00411418503524,0.00670546558704,2
mert,flute,trumpet,audience,0.0436075498575,0.0398148148148,0.0474002849003,2
mert,flute,tuba,audience,0.000588037634409,0.000168010752688,0.00100806451613,2
mert,flute,viola,audience,0.00658579933344,0.00568624684191,0.00748535182497,2
mert,flute,violin,audience,0.0663531935334,0.0629927781091,0.0697136089578,2
mert,french-horn,oboe,audience,0,0,0,2
mert,french-horn,trombone,audience,0.0114096737829,0.0107711547946,0.0120481927711,2
mert,french-horn,trumpet,audience,0.00941265060241,0.00552208835341,0.0133032128514,2
mert,french-horn,tuba,audience,0.00445228494624,0.00369623655914,0.00520833333333,2
mert,french-horn,viola,audience,0.00916164658635,0.00753012048193,0.0107931726908,2
mert,french-horn,violin,audience,0.074046184739,0.0735441767068,0.0745481927711,2
mert,oboe,trombone,audience,0.00725210970464,0.00685654008439,0.00764767932489,2
mert,oboe,trumpet,audience,0.019900194742,0.0131247971438,0.0266755923401,2
mert,oboe,tuba,audience,0,0,0,2
mert,oboe,viola,audience,0.0203780550912,0.0182011782501,0.0225549319322,2
mert,oboe,violin,audience,0.0660601265823,0.0627637130802,0.0693565400844,2
mert,trombone,trumpet,audience,0.0251391700405,0.0244433198381,0.0258350202429,2
mert,trombone,tuba,audience,0.0174731182796,0.0157930107527,0.0191532258065,2
mert,trombone,viola,audience,0.00358428500497,0.00276881275516,0.00439975725477,2
mert,trombone,violin,audience,0.0553345573235,0.0509443424453,0.0597247722018,2
mert,trumpet,tuba,audience,0.0042002688172,0.00352822580645,0.00487231182796,2
mert,trumpet,viola,audience,0.0132922109337,0.00487119013062,0.0217132317368,2
mert,trumpet,violin,audience,0.0624391274101,0.0602762870205,0.0646019677996,2
mert,tuba,viola,audience,0.0103326612903,0.00907258064516,0.0115927419355,2
mert,tuba,violin,audience,0.00680443548387,0.00588037634409,0.00772849462366,2
mert,viola,violin,audience,0.0665108051777,0.0664064404466,0.0666151699088,2
mert,bassoon,cello,studio,0.00504725085911,0.00171821305842,0.00837628865979,2
mert,bassoon,clarinet,studio,0.00253378378378,0.0015015015015,0.00356606606607,2
mert,bassoon,double-bass,studio,0.0635738831615,0.0584192439863,0.0687285223368,2
mert,bassoon,flute,studio,0.0123496563574,0.0100945017182,0.0146048109966,2
mert,bassoon,french-horn,studio,0.0373465511531,0.0360048441187,0.0386882581874,2
mert,bassoon,oboe,studio,-0.00687285223368,-0.00816151202749,-0.00558419243986,2
mert,bassoon,trombone,studio,0.0056604946645,0.00265833182613,0.00866265750286,2
mert,bassoon,trumpet,studio,-0.00425092519165,-0.00462926249009,-0.00387258789321,2
mert,bassoon,tuba,studio,0,0,0,2
mert,bassoon,viola,studio,0.00751718213058,0.00708762886598,0.00794673539519,2
mert,bassoon,violin,studio,0.044346379765,0.039622126322,0.0490706332081,2
mert,cello,clarinet,studio,0.00992541454498,0.00947578012795,0.010375048962,2
mert,cello,double-bass,studio,0.0638586956522,0.0559782608696,0.0717391304348,2
mert,cello,flute,studio,0.0309697448284,0.0306561996779,0.0312832899789,2
mert,cello,french-horn,studio,-0.00589859437751,-0.00753012048193,-0.00426706827309,2
mert,cello,oboe,studio,0.0290084388186,0.0263713080169,0.0316455696203,2
mert,cello,trombone,studio,0.013454265192,0.0120836511569,0.0148248792271,2
mert,cello,trumpet,studio,0.00320512820513,-0.00160256410256,0.00801282051282,2
mert,cello,tuba,studio,0.0253696236559,0.0201612903226,0.0305779569892,2
mert,cello,viola,studio,0.0310320959803,0.0250922887613,0.0369719031993,2
mert,cello,violin,studio,0.0291701775081,0.0281934614088,0.0301468936075,2
mert,clarinet,double-bass,studio,0.0178980611046,0.0168918918919,0.0189042303173,2
mert,clarinet,flute,studio,0.0520328020328,0.0400881650882,0.0639774389774,2
mert,clarinet,french-horn,studio,0.00153429031441,0.0015015015015,0.00156707912732,2
mert,clarinet,oboe,studio,0.0199459744555,0.0182389668149,0.021652982096,2
mert,clarinet,trombone,studio,0.000365497076023,0,0.000730994152047,2
mert,clarinet,trumpet,studio,-0.00285285285285,-0.0041118041118,-0.0015939015939,2
mert,clarinet,tuba,studio,0.00436827956989,0.00403225806452,0.00470430107527,2
mert,clarinet,viola,studio,0.0512387387387,0.0493618618619,0.0531156156156,2
mert,clarinet,violin,studio,0.0493858684266,0.0377601438648,0.0610115929883,2
mert,double-bass,flute,studio,0.0223306082002,0.0216137123746,0.0230475040258,2
mert,double-bass,french-horn,studio,0.0596134538153,0.0572289156627,0.0619979919679,2
mert,double-bass,oboe,studio,0.0143723628692,0.0142405063291,0.0145042194093,2
mert,double-bass,trombone,studio,0.0518092105263,0.0504385964912,0.0531798245614,2
mert,double-bass,trumpet,studio,0.0293269230769,0.0275641025641,0.0310897435897,2
mert,double-bass,tuba,studio,0.209425403226,0.206485215054,0.212365591398,2
mert,double-bass,viola,studio,0.0249974364233,0.0210486737763,0.0289461990703,2
mert,double-bass,violin,studio,0.0336858218178,0.0302985619593,0.0370730816762,2
mert,flute,french-horn,studio,0.0353915662651,0.0338855421687,0.0368975903614,2
mert,flute,oboe,studio,0.070188250568,0.0696833639872,0.0706931371488,2
mert,flute,trombone,studio,0.0125182748538,0.0105994152047,0.0144371345029,2
mert,flute,trumpet,studio,0.0544515669516,0.0507834757835,0.0581196581197,2
mert,flute,tuba,studio,0.00369623655914,0.00302419354839,0.00436827956989,2
mert,flute,viola,studio,0.0141669018438,0.0130120141913,0.0153217894963,2
mert,flute,violin,studio,0.0540378817995,0.0538039157225,0.0542718478765,2
mert,french-horn,oboe,studio,0,0,0,2
mert,french-horn,trombone,studio,0.00896348552103,0.0021115162404,0.0158154548017,2
mert,french-horn,trumpet,studio,0.00569392956441,0.00457213469262,0.00681572443621,2
mert,french-horn,tuba,studio,0.0208333333333,0.0199932795699,0.0216733870968,2
mert,french-horn,viola,studio,0.00727911646586,0.00727911646586,0.00727911646586,2
mert,french-horn,violin,studio,0.0359655676971,0.0301204819277,0.0418106534666,2
mert,oboe,trombone,studio,0.000913742690058,0,0.00182748538012,2
mert,oboe,trumpet,studio,-0.00474480688088,-0.00583820188251,-0.00365141187926,2
mert,oboe,tuba,studio,0,0,0,2
mert,oboe,viola,studio,0.0437888106043,0.0410198232625,0.046557797946,2
mert,oboe,violin,studio,0.0534018987342,0.0519514767932,0.0548523206751,2
mert,trombone,trumpet,studio,0.00540092217724,0.0025641025641,0.00823774179037,2
mert,trombone,tuba,studio,0.00739247311828,0.00672043010753,0.00806451612903,2
mert,trombone,viola,studio,0.0328947368421,0.031067251462,0.0347222222222,2
mert,trombone,violin,studio,0.0599117707058,0.0571280429757,0.062695498436,2
mert,trumpet,tuba,studio,0,0,0,2
mert,trumpet,viola,studio,0.0474358974359,0.0471153846154,0.0477564102564,2
mert,trumpet,violin,studio,0.0607371794872,0.0583333333333,0.063141025641,2
mert,tuba,viola,studio,0.00882056451613,0.00823252688172,0.00940860215054,2
mert,tuba,violin,studio,0.00151209677419,0.00117607526882,0.00184811827957,2
mert,viola,violin,studio,0.0915720528009,0.0807280239871,0.102416081615,2
ast,bassoon,cello,white,0.00257731958763,0.00257731958763,0.00257731958763,2
ast,bassoon,clarinet,white,-0.00708762886598,-0.00816151202749,-0.00601374570447,2
ast,bassoon,double-bass,white,0.000644329896907,0.000429553264605,0.00085910652921,2
ast,bassoon,flute,white,0.0393041237113,0.0386597938144,0.0399484536082,2
ast,bassoon,french-horn,white,0.0754939862543,0.0721649484536,0.078823024055,2
ast,bassoon,oboe,white,4.62592926927e-19,4.62592926927e-19,4.62592926927e-19,2
ast,bassoon,trombone,white,0.152598797251,0.15206185567,0.153135738832,2
ast,bassoon,trumpet,white,0.00085910652921,0.000429553264605,0.00128865979381,2
ast,bassoon,tuba,white,0,0,0,2
ast,bassoon,viola,white,0,0,0,2
ast,bassoon,violin,white,0.0126718213058,0.0120274914089,0.0133161512027,2
ast,cello,clarinet,white,0.0069134351743,0.00636016451234,0.00746670583627,2
ast,cello,double-bass,white,0.0501811594203,0.0483695652174,0.0519927536232,2
ast,cello,flute,white,0.0103996345844,0.00832404310665,0.0124752260622,2
ast,cello,french-horn,white,0,0,0,2
ast,cello,oboe,white,0.00105485232068,0,0.00210970464135,2
ast,cello,trombone,white,0.0563405797101,0.0539855072464,0.0586956521739,2
ast,cello,trumpet,white,0.00144230769231,0.00128205128205,0.00160256410256,2
ast,cello,tuba,white,0.00253330995792,0.00118922393642,0.00387739597943,2
ast,cello,viola,white,0.000589622641509,0.000589622641509,0.000589622641509,2
ast,cello,violin,white,0.112279519155,0.108798168745,0.115760869565,2
ast,clarinet,double-bass,white,0.000281531531532,0.000187687687688,0.000375375375375,2
ast,clarinet,flute,white,0.0225802725803,0.019995957496,0.0251645876646,2
ast,clarinet,french-horn,white,0.00489457831325,0.00401606425703,0.00577309236948,2
ast,clarinet,oboe,white,0.0383702531646,0.037447257384,0.0392932489451,2
ast,clarinet,trombone,white,0.0429310889837,0.0391328828829,0.0467292950846,2
ast,clarinet,trumpet,white,0.0197115384615,0.0195512820513,0.0198717948718,2
ast,clarinet,tuba,white,0,0,0,2
ast,clarinet,viola,white,0.000491352201258,0,0.000982704402516,2
ast,clarinet,violin,white,0.0575153642014,0.056576925763,0.0584538026398,2
ast,double-bass,flute,white,0.00842391304348,0.00634057971014,0.0105072463768,2
ast,double-bass,french-horn,white,0.00336017984983,0.00248166579361,0.00423869390606,2
ast,double-bass,oboe,white,0.000131856540084,0,0.000263713080169,2
ast,double-bass,trombone,white,0.0112485697941,0.0103419781337,0.0121551614544,2
ast,double-bass,trumpet,white,0.000320512820513,0.000320512820513,0.000320512820513,2
ast,double-bass,tuba,white,0.0847614247312,0.0845094086022,0.0850134408602,2
ast,double-bass,viola,white,-0.000915196882691,-0.00176886792453,-6.15258408532e-05,2
ast,double-bass,violin,white,0.0386340017976,0.0361785192675,0.0410894843276,2
ast,flute,french-horn,white,0.015813253012,0.0150602409639,0.0165662650602,2
ast,flute,oboe,white,0.0365242616034,0.0348101265823,0.0382383966245,2
ast,flute,trombone,white,0.00891016269306,0.00890313390313,0.00891719148298,2
ast,flute,trumpet,white,0.00192307692308,0.00192307692308,0.00192307692308,2
ast,flute,tuba,white,0.00394825268817,0.00352822580645,0.00436827956989,2
ast,flute,viola,white,0.0118907232704,0.0115959119497,0.0121855345912,2
ast,flute,violin,white,0.140773040482,0.138131087259,0.143414993706,2
ast,french-horn,oboe,white,0,0,0,2
ast,french-horn,trombone,white,0.14671184739,0.145833333333,0.147590361446,2
ast,french-horn,trumpet,white,0,0,0,2
ast,french-horn,tuba,white,0.0792170698925,0.0756048387097,0.0828293010753,2
ast,french-horn,viola,white,0,0,0,2
ast,french-horn,violin,white,0.0225903614458,0.0218373493976,0.023343373494,2
ast,oboe,trombone,white,0.0929588607595,0.0878164556962,0.0981012658228,2
ast,oboe,trumpet,white,0.0352056962025,0.0297995780591,0.040611814346,2
ast,oboe,tuba,white,0,0,0,2
ast,oboe,viola,white,0,0,0,2
ast,oboe,violin,white,0.0868934599156,0.0864978902954,0.0872890295359,2
ast,trombone,trumpet,white,0.222916666667,0.220833333333,0.225,2
ast,trombone,tuba,white,0.023689516129,0.0221774193548,0.0252016129032,2
ast,trombone,viola,white,0.0234866352201,0.0229952830189,0.0239779874214,2
ast,trombone,violin,white,0.0441826465388,0.0418196654427,0.046545627635,2
ast,trumpet,tuba,white,0,0,0,2
ast,trumpet,viola,white,0,0,0,2
ast,trumpet,violin,white,0.0467948717949,0.0445512820513,0.0490384615385,2
ast,tuba,viola,white,0,0,0,2
ast,tuba,violin,white,0.00243615591398,0.00235215053763,0.00252016129032,2
ast,viola,violin,white,0.146422955975,0.14465408805,0.148191823899,2
ast,bassoon,cello,audience,0.0194606305095,0.0180076199014,0.0209136411176,2
ast,bassoon,clarinet,audience,0.0192350856011,0.0186584780657,0.0198116931364,2
ast,bassoon,double-bass,audience,0.0372469370985,0.0371563573883,0.0373375168086,2
ast,bassoon,flute,audience,0.0257887993068,0.023588715599,0.0279888830147,2
ast,bassoon,french-horn,audience,0.0200609137581,0.0193454229288,0.0207764045874,2
ast,bassoon,oboe,audience,-0.00206892426813,-0.00257731958763,-0.00156052894863,2
ast,bassoon,trombone,audience,0.018815563393,0.0188042593597,0.0188268674263,2
ast,bassoon,trumpet,audience,0.0118556701031,0.00697858842189,0.0167327517843,2
ast,bassoon,tuba,audience,0.00789650537634,0.00722446236559,0.0085685483871,2
ast,bassoon,viola,audience,0.0043938030863,0.00386597938144,0.00492162679116,2
ast,bassoon,violin,audience,0.00389428327872,0.00311675857109,0.00467180798636,2
ast,cello,clarinet,audience,0.0124632784959,0.00849001175088,0.0164365452409,2
ast,cello,double-bass,audience,0.054981884058,0.0471014492754,0.0628623188406,2
ast,cello,flute,audience,0.0467584850737,0.0405626780627,0.0529542920847,2
ast,cello,french-horn,audience,0.0107931726908,0.0105421686747,0.0110441767068,2
ast,cello,oboe,audience,0.01555907173,0.01555907173,0.01555907173,2
ast,cello,trombone,audience,0.00689915458937,0.00581299262649,0.00798531655225,2
ast,cello,trumpet,audience,0.0243171683389,0.0219620958751,0.0266722408027,2
ast,cello,tuba,audience,0.0136220196353,0.0134540088827,0.013790030388,2
ast,cello,viola,audience,0.0224082239541,0.0190149029259,0.0258015449822,2
ast,cello,violin,audience,0.051013931019,0.0480578024941,0.0539700595439,2
ast,clarinet,double-bass,audience,0.00945537929234,0.00823214518867,0.010678613396,2
ast,clarinet,flute,audience,0.0226644914145,0.00940844690845,0.0359205359205,2
ast,clarinet,french-horn,audience,0.00476907630522,0.00251004016064,0.0070281124498,2
ast,clarinet,oboe,audience,0.0330959915612,0.0295358649789,0.0366561181435,2
ast,clarinet,trombone,audience,0.0205740279753,0.0132714951794,0.0278765607713,2
ast,clarinet,trumpet,audience,0.0399731462231,0.0322534072534,0.0476928851929,2
ast,clarinet,tuba,audience,0.00100806451613,0.000504032258065,0.00151209677419,2
ast,clarinet,viola,audience,0.00309596152757,0.00157232704403,0.00461959601111,2
ast,clarinet,violin,audience,0.0046834625323,0.00423824987778,0.00512867518681,2
ast,double-bass,flute,audience,0.0180733618234,0.0172720797721,0.0188746438746,2
ast,double-bass,french-horn,audience,0.0345130522088,0.031375502008,0.0376506024096,2
ast,double-bass,oboe,audience,0.0150316455696,0.0134493670886,0.0166139240506,2
ast,double-bass,trombone,audience,0.0189851894228,0.0147899186372,0.0231804602085,2
ast,double-bass,trumpet,audience,0.0167572463768,0.0135312151616,0.019983277592,2
ast,double-bass,tuba,audience,0.119875672043,0.10752688172,0.132224462366,2
ast,double-bass,viola,audience,0.0125247812415,0.0124709461307,0.0125786163522,2
ast,double-bass,violin,audience,0.0457610099989,0.039744129873,0.0517778901247,2
ast,flute,french-horn,audience,0.0262299196787,0.0253514056225,0.0271084337349,2
ast,flute,oboe,audience,0.027360795557,0.0215455840456,0.0331760070684,2
ast,flute,trombone,audience,0.00673592367671,0.00381897585845,0.00965287149498,2
ast,flute,trumpet,audience,0.0280448717949,0.025462962963,0.0306267806268,2
ast,flute,tuba,audience,0.00579637096774,0.00436827956989,0.00722446236559,2
ast,flute,viola,audience,0.0123694766973,0.00351925764662,0.021219695748,2
ast,flute,violin,audience,0.0216470383622,0.015826873385,0.0274672033393,2
ast,french-horn,oboe,audience,0.000527426160338,0,0.00105485232068,2
ast,french-horn,trombone,audience,0.0415686870288,0.0323839216515,0.0507534524061,2
ast,french-horn,trumpet,audience,0.0114341983318,0.0100401606426,0.012828236021,2
ast,french-horn,tuba,audience,0.0241044824459,0.023343373494,0.0248655913978,2
ast,french-horn,viola,audience,0.00193225733121,0.00176886792453,0.00209564673789,2
ast,french-horn,violin,audience,0.00263554216867,0.00175702811245,0.0035140562249,2
ast,oboe,trombone,audience,0.00619725738397,0.00580168776371,0.00659282700422,2
ast,oboe,trumpet,audience,0.0516877637131,0.0508966244726,0.0524789029536,2
ast,oboe,tuba,audience,0,0,0,2
ast,oboe,viola,audience,0.00461497890295,0.00369198312236,0.00553797468354,2
ast,oboe,violin,audience,0.00883438818565,0.0084388185654,0.00922995780591,2
ast,trombone,trumpet,audience,0.0408344579397,0.0383603238866,0.0433085919928,2
ast,trombone,tuba,audience,0.0110887096774,0.00940860215054,0.0127688172043,2
ast,trombone,viola,audience,0.00475318603112,0.00466181176211,0.00484456030012,2
ast,trombone,violin,audience,0.00436046511628,0.00436046511628,0.00436046511628,2
ast,trumpet,tuba,audience,0.00268817204301,0.00252016129032,0.0028561827957,2
ast,trumpet,viola,audience,0.0128416787615,0.0124123125302,0.0132710449927,2
ast,trumpet,violin,audience,0.0154529417611,0.0135211687537,0.0173847147684,2
ast,tuba,viola,audience,0.00042002688172,0,0.000840053763441,2
ast,tuba,violin,audience,0.000756048387097,0.000336021505376,0.00117607526882,2
ast,viola,violin,audience,0.0240869228707,0.0192777655892,0.0288960801521,2
ast,bassoon,cello,studio,0.0414518900344,0.0324312714777,0.0504725085911,2
ast,bassoon,clarinet,studio,0.0041881443299,0.00343642611684,0.00493986254296,2
ast,bassoon,double-bass,studio,0.0330756013746,0.0304982817869,0.0356529209622,2
ast,bassoon,flute,studio,0.0299613402062,0.0249140893471,0.0350085910653,2
ast,bassoon,french-horn,studio,0.067478677597,0.0556271477663,0.0793302074276,2
ast,bassoon,oboe,studio,-0.00257731958763,-0.00300687285223,-0.00214776632302,2
ast,bassoon,trombone,studio,0.0088058419244,0.00794673539519,0.00966494845361,2
ast,bassoon,trumpet,studio,0,0,0,2
ast,bassoon,tuba,studio,0,0,0,2
ast,bassoon,viola,studio,0.019866838488,0.0167525773196,0.0229810996564,2
ast,bassoon,violin,studio,0.00171821305842,0.00128865979381,0.00214776632302,2
ast,cello,clarinet,studio,0.0300871523698,0.0255891761327,0.0345851286069,2
ast,cello,double-bass,studio,0.0489130434783,0.0447463768116,0.0530797101449,2
ast,cello,flute,studio,0.0528304223956,0.0498436145175,0.0558172302738,2
ast,cello,french-horn,studio,0.0178627553693,0.0153527152087,0.0203727955299,2
ast,cello,oboe,studio,0.0570938818565,0.0553797468354,0.0588080168776,2
ast,cello,trombone,studio,0.0095823798627,0.00784388507501,0.0113208746504,2
ast,cello,trumpet,studio,0.0371794871795,0.0307692307692,0.0435897435897,2
ast,cello,tuba,studio,0.00336678938756,0.0028561827957,0.00387739597943,2
ast,cello,viola,studio,0.0554484550178,0.0539256904567,0.0569712195789,2
ast,cello,violin,studio,0.0778887203685,0.0750014043366,0.0807760364004,2
ast,clarinet,double-bass,studio,0.0103130304217,0.010309766288,0.0103162945554,2
ast,clarinet,flute,studio,0.0188890813891,0.014836952337,0.0229412104412,2
ast,clarinet,french-horn,studio,0.00517610984478,0.00225903614458,0.00809318354499,2
ast,clarinet,oboe,studio,0.0321729957806,0.0295358649789,0.0348101265823,2
ast,clarinet,trombone,studio,0.010396910068,0.0101104393868,0.0106833807492,2
ast,clarinet,trumpet,studio,0.0165612728113,0.0157051282051,0.0174174174174,2
ast,clarinet,tuba,studio,0,0,0,2
ast,clarinet,viola,studio,0.0307400560938,0.0274289619808,0.0340511502068,2
ast,clarinet,violin,studio,0.00646431315036,0.00472274600182,0.0082058802989,2
ast,double-bass,flute,studio,0.0133276043602,0.0119766505636,0.0146785581568,2
ast,double-bass,french-horn,studio,0.0431726907631,0.0373995983936,0.0489457831325,2
ast,double-bass,oboe,studio,0.0114715189873,0.0113396624473,0.0116033755274,2
ast,double-bass,trombone,studio,0.0199195906433,0.0190058479532,0.0208333333333,2
ast,double-bass,trumpet,studio,0.0219551282051,0.0214743589744,0.0224358974359,2
ast,double-bass,tuba,studio,0.106098790323,0.0981182795699,0.114079301075,2
ast,double-bass,viola,studio,0.00922802160241,0.00677126059612,0.0116847826087,2
ast,double-bass,violin,studio,0.0342805583642,0.0261782384002,0.0423828783283,2
ast,flute,french-horn,studio,0.0129749768304,0.0122991967871,0.0136507568736,2
ast,flute,oboe,studio,0.0174940946302,0.0146822820873,0.020305907173,2
ast,flute,trombone,studio,0.00762155120708,0.00744583145899,0.00779727095517,2
ast,flute,trumpet,studio,0.00819088319088,0.00705128205128,0.00933048433048,2
ast,flute,tuba,studio,0.00159610215054,0.00151209677419,0.00168010752688,2
ast,flute,viola,studio,0.0145095885072,0.0122006531205,0.016818523894,2
ast,flute,violin,studio,0.0203426257205,0.0201459285762,0.0205393228649,2
ast,french-horn,oboe,studio,0,0,0,2
ast,french-horn,trombone,studio,0.0255880980061,0.0246027971535,0.0265733988586,2
ast,french-horn,trumpet,studio,0.00505290392339,0.00296957059005,0.00713623725672,2
ast,french-horn,tuba,studio,0.0915658602151,0.0912298387097,0.0919018817204,2
ast,french-horn,viola,studio,0.0116172236114,0.00753012048193,0.0157043267409,2
ast,french-horn,violin,studio,0.00163152610442,0.00150602409639,0.00175702811245,2
ast,oboe,trombone,studio,0.010944092827,0.00896624472574,0.0129219409283,2
ast,oboe,trumpet,studio,0.0178006329114,0.0147679324895,0.0208333333333,2
ast,oboe,tuba,studio,0,0,0,2
ast,oboe,viola,studio,0.0388976793249,0.0353375527426,0.0424578059072,2
ast,oboe,violin,studio,0.00474683544304,0.00263713080169,0.00685654008439,2
ast,trombone,trumpet,studio,0.0495192307692,0.0458333333333,0.0532051282051,2
ast,trombone,tuba,studio,0.00117607526882,0.000336021505376,0.00201612903226,2
ast,trombone,viola,studio,0.0104287349663,0.00804093567251,0.0128165342602,2
ast,trombone,violin,studio,0.00236723106215,0.00230348157215,0.00243098055216,2
ast,trumpet,tuba,studio,0,0,0,2
ast,trumpet,viola,studio,0.0334316037736,0.0246794871795,0.0421837203677,2
ast,trumpet,violin,studio,0.00288461538462,0.000961538461538,0.00480769230769,2
ast,tuba,viola,studio,0.00176411290323,0.00117607526882,0.00235215053763,2
ast,tuba,violin,studio,0.00117607526882,0.00100806451613,0.00134408602151,2
ast,viola,violin,studio,0.0691496331237,0.067928489591,0.0703707766564,2
panns,bassoon,cello,white,0,0,0,2
panns,bassoon,clarinet,white,0.0196520618557,0.0180412371134,0.0212628865979,2
panns,bassoon,double-bass,white,0,0,0,2
panns,bassoon,flute,white,0.018470790378,0.0176116838488,0.0193298969072,2
panns,bassoon,french-horn,white,0.0443513745704,0.0427405498282,0.0459621993127,2
panns,bassoon,oboe,white,-0.0154639175258,-0.0154639175258,-0.0154639175258,2
panns,bassoon,trombone,white,0.297268757159,0.296898550069,0.297638964249,2
panns,bassoon,trumpet,white,-0.00150343642612,-0.00171821305842,-0.00128865979381,2
panns,bassoon,tuba,white,0.00107388316151,0.000429553264605,0.00171821305842,2
panns,bassoon,viola,white,-0.00275157232704,-0.00275157232704,-0.00275157232704,2
panns,bassoon,violin,white,0.00579896907216,0.00515463917526,0.00644329896907,2
panns,cello,clarinet,white,0.0169384057971,0.0150362318841,0.0188405797101,2
panns,cello,double-bass,white,-0.00434782608696,-0.00434782608696,-0.00434782608696,2
panns,cello,flute,white,0.0615942028986,0.0608695652174,0.0623188405797,2
panns,cello,french-horn,white,0.00326086956522,0.00289855072464,0.0036231884058,2
panns,cello,oboe,white,0,0,0,2
panns,cello,trombone,white,0.214764492754,0.2125,0.217028985507,2
panns,cello,trumpet,white,0.00353260869565,0.00326086956522,0.00380434782609,2
panns,cello,tuba,white,0,0,0,2
panns,cello,viola,white,0.023731884058,0.0235507246377,0.0239130434783,2
panns,cello,violin,white,0.103351449275,0.102898550725,0.103804347826,2
panns,clarinet,double-bass,white,0.00398550724638,0.00380434782609,0.00416666666667,2
panns,clarinet,flute,white,0.104594979595,0.103367790868,0.105822168322,2
panns,clarinet,french-horn,white,0.00552208835341,0.00476907630522,0.00627510040161,2
panns,clarinet,oboe,white,0.17114978903,0.169567510549,0.172732067511,2
panns,clarinet,trombone,white,0.15182452189,0.149873557768,0.153775486012,2
panns,clarinet,trumpet,white,0.108209170709,0.105347655348,0.111070686071,2
panns,clarinet,tuba,white,0.00246037368013,0.00209483677226,0.00282591058801,2
panns,clarinet,viola,white,0.0129716981132,0.0115959119497,0.0143474842767,2
panns,clarinet,violin,white,0.0485805573015,0.0470659613101,0.0500951532928,2
panns,double-bass,flute,white,0.0434782608696,0.0427536231884,0.0442028985507,2
panns,double-bass,french-horn,white,0,0,0,2
panns,double-bass,oboe,white,0,0,0,2
panns,double-bass,trombone,white,0.310869565217,0.308333333333,0.313405797101,2
panns,double-bass,trumpet,white,0.000634057971014,0.00018115942029,0.00108695652174,2
panns,double-bass,tuba,white,0.000724637681159,0.000724637681159,0.000724637681159,2
panns,double-bass,viola,white,0.0101449275362,0.00833333333333,0.0119565217391,2
panns,double-bass,violin,white,0.0133152173913,0.0130434782609,0.0135869565217,2
panns,flute,french-horn,white,0.0220883534137,0.0220883534137,0.0220883534137,2
panns,flute,oboe,white,0.0675105485232,0.0664556962025,0.0685654008439,2
panns,flute,trombone,white,0.0771573699205,0.0753767431399,0.0789379967012,2
panns,flute,trumpet,white,0.0129985754986,0.0129985754986,0.0129985754986,2
panns,flute,tuba,white,0.00134408602151,0.00134408602151,0.00134408602151,2
panns,flute,viola,white,0.0357704402516,0.0353773584906,0.0361635220126,2
panns,flute,violin,white,0.0584356158484,0.0560980255748,0.060773206122,2
panns,french-horn,oboe,white,0,0,0,2
panns,french-horn,trombone,white,0.287274096386,0.287148594378,0.287399598394,2
panns,french-horn,trumpet,white,0.003890562249,0.0035140562249,0.00426706827309,2
panns,french-horn,tuba,white,0.0216288541262,0.0194892473118,0.0237684609405,2
panns,french-horn,viola,white,0,0,0,2
panns,french-horn,violin,white,0.00503856511317,0.00466205908907,0.00541507113726,2
panns,oboe,trombone,white,0.0872890295359,0.0870253164557,0.087552742616,2
panns,oboe,trumpet,white,0.00329641350211,0.00210970464135,0.00448312236287,2
panns,oboe,tuba,white,0,0,0,2
panns,oboe,viola,white,0,0,0,2
panns,oboe,violin,white,0.0357331223629,0.0353375527426,0.0361286919831,2
panns,trombone,trumpet,white,0.197822480882,0.19775359874,0.197891363023,2
panns,trombone,tuba,white,0.33845766129,0.337197580645,0.339717741935,2
panns,trombone,viola,white,0.094143081761,0.0923742138365,0.0959119496855,2
panns,trombone,violin,white,0.0981635896913,0.0980297157623,0.0982974636203,2
panns,trumpet,tuba,white,0,0,0,2
panns,trumpet,viola,white,0.00383254716981,0.00373427672956,0.00393081761006,2
panns,trumpet,violin,white,0.0270100377659,0.0251689524945,0.0288511230372,2
panns,tuba,viola,white,0,0,0,2
panns,tuba,violin,white,0,0,0,2
panns,viola,violin,white,0.104658018868,0.102201257862,0.107114779874,2
panns,bassoon,cello,audience,0.00555897953085,0.00401912445839,0.00709883460332,2
panns,bassoon,clarinet,audience,0.0383743924337,0.0287510448593,0.047997740008,2
panns,bassoon,double-bass,audience,0.00408355744808,0.00397243388615,0.00419468101001,2
panns,bassoon,flute,audience,0.0361916982407,0.030230269921,0.0421531265603,2
panns,bassoon,french-horn,audience,0.0468562393906,0.0365120274914,0.0572004512897,2
panns,bassoon,oboe,audience,-0.00998575405629,-0.0139795119405,-0.00599199617208,2
panns,bassoon,trombone,audience,0.0273030083801,0.0225232863086,0.0320827304516,2
panns,bassoon,trumpet,audience,0.00636895321174,0.00321173671689,0.00952616970658,2
panns,bassoon,tuba,audience,0.0184361489857,0.0172496812992,0.0196226166722,2
panns,bassoon,viola,audience,0.00358028593659,0.000484260520003,0.00667631135317,2
panns,bassoon,violin,audience,0.00520874956712,0.00338314819255,0.00703435094169,2
panns,cello,clarinet,audience,0.00978587282935,0.00253623188406,0.0170355137746,2
panns,cello,double-bass,audience,0.0510869565217,0.0478260869565,0.054347826087,2
panns,cello,flute,audience,0.0259220549981,0.019534249969,0.0323098600273,2
panns,cello,french-horn,audience,0.00135214772132,0,0.00270429544264,2
panns,cello,oboe,audience,0.00237227114291,0.00235507246377,0.00238946982205,2
panns,cello,trombone,audience,0.0185688405797,0.0143115942029,0.0228260869565,2
panns,cello,trumpet,audience,0.00590161649944,0.00413879598662,0.00766443701226,2
panns,cello,tuba,audience,0.000452898550725,0,0.000905797101449,2
panns,cello,viola,audience,0.02988703172,0.0266646158053,0.0331094476347,2
panns,cello,violin,audience,0.0317934782609,0.030615942029,0.0329710144928,2
panns,clarinet,double-bass,audience,0.00994173521347,0.00839861600731,0.0114848544196,2
panns,clarinet,flute,audience,0.0251381188881,0.0190767690768,0.0311994686995,2
panns,clarinet,french-horn,audience,0.0294929718876,0.0286144578313,0.0303714859438,2
panns,clarinet,oboe,audience,0.0718249895465,0.0631913559129,0.0804586231801,2
panns,clarinet,trombone,audience,0.0313660700174,0.0281580923028,0.0345740477319,2
panns,clarinet,trumpet,audience,0.0670564795565,0.0665713790714,0.0675415800416,2
panns,clarinet,tuba,audience,0.00754534776712,0.00736220091059,0.00772849462366,2
panns,clarinet,viola,audience,0.0160605770865,0.0139827327327,0.0181384214403,2
panns,clarinet,violin,audience,0.0253007367833,0.0217062993226,0.028895174244,2
panns,double-bass,flute,audience,0.0217251950948,0.0192028985507,0.0242474916388,2
panns,double-bass,french-horn,audience,0.00376506024096,0.00125502008032,0.00627510040161,2
panns,double-bass,oboe,audience,0.00369198312236,0.00263713080169,0.00474683544304,2
panns,double-bass,trombone,audience,0.0259502923977,0.0239702517162,0.0279303330791,2
panns,double-bass,trumpet,audience,0.00705824972129,0.00510033444816,0.00901616499443,2
panns,double-bass,tuba,audience,0.0234323866293,0.0173971482001,0.0294676250584,2
panns,double-bass,viola,audience,0.0143551750068,0.0129426442439,0.0157677057698,2
panns,double-bass,violin,audience,0.0221119817998,0.0219862936749,0.0222376699247,2
panns,flute,french-horn,audience,0.042796184739,0.0401606425703,0.0454317269076,2
panns,flute,oboe,audience,0.0298277525334,0.0266485448447,0.0330069602222,2
panns,flute,trombone,audience,0.0223843529765,0.0171643049933,0.0276044009597,2
panns,flute,trumpet,audience,0.033084045584,0.0296296296296,0.0365384615385,2
panns,flute,tuba,audience,0.027336211056,0.0214436288025,0.0332287933094,2
panns,flute,viola,audience,0.0206107549858,0.0145171477719,0.0267043621996,2
panns,flute,violin,audience,0.0442402935135,0.0376043530113,0.0508762340158,2
panns,french-horn,oboe,audience,0.00100401606426,0,0.00200803212851,2
panns,french-horn,trombone,audience,0.0596497833439,0.043767173959,0.0755323927288,2
panns,french-horn,trumpet,audience,0.00840863453815,0.00527108433735,0.011546184739,2
panns,french-horn,tuba,audience,0.00825479336702,0.00754631428942,0.00896327244462,2
panns,french-horn,viola,audience,0.00476907630522,0.00326305220884,0.00627510040161,2
panns,french-horn,violin,audience,0.00539658634538,0.00401606425703,0.00677710843373,2
panns,oboe,trombone,audience,0.012526371308,0.0105485232068,0.0145042194093,2
panns,oboe,trumpet,audience,0.0139869360597,0.0139767932489,0.0139970788705,2
panns,oboe,tuba,audience,0.00274772015789,0.00268817204301,0.00280726827276,2
panns,oboe,viola,audience,0.00792756349017,0.00572456412706,0.0101305628533,2
panns,oboe,violin,audience,0.0174050632911,0.0129219409283,0.021888185654,2
panns,trombone,trumpet,audience,0.0369883040936,0.0341486729645,0.0398279352227,2
panns,trombone,tuba,audience,0.0593299023769,0.0588037634409,0.059856041313,2
panns,trombone,viola,audience,0.0102287460002,0.00984428445327,0.0106132075472,2
panns,trombone,violin,audience,0.0127137732898,0.0116364069087,0.0137911396709,2
panns,trumpet,tuba,audience,0.00222937344913,0,0.00445874689826,2
panns,trumpet,viola,audience,0.019495343493,0.0166727140784,0.0223179729076,2
panns,trumpet,violin,audience,0.0179338103757,0.0170567481614,0.0188108725899,2
panns,tuba,viola,audience,0.00264696185839,0.00176569791033,0.00352822580645,2
panns,tuba,violin,audience,0.00133431795449,0.00117607526882,0.00149256064016,2
panns,viola,violin,audience,0.0432108076154,0.0409719175077,0.0454496977232,2
panns,bassoon,cello,studio,0.00480072463768,0.00380434782609,0.00579710144928,2
panns,bassoon,clarinet,studio,0.0212890080802,0.0185230333426,0.0240549828179,2
panns,bassoon,double-bass,studio,0.00591569550276,0.00374458389362,0.00808680711191,2
panns,bassoon,flute,studio,0.0599015698887,0.0525468470056,0.0672562927718,2
panns,bassoon,french-horn,studio,0.0447654018134,0.0348119281249,0.054718875502,2
panns,bassoon,oboe,studio,-0.0090206185567,-0.0109536082474,-0.00708762886598,2
panns,bassoon,trombone,studio,0.0619395083499,0.0600451407729,0.0638338759269,2
panns,bassoon,trumpet,studio,-0.00322164948454,-0.00429553264605,-0.00214776632302,2
panns,bassoon,tuba,studio,0.00591501773639,0.00473374625873,0.00709628921406,2
panns,bassoon,viola,studio,-0.000786163522013,-0.000786163522013,-0.000786163522013,2
panns,bassoon,violin,studio,0.00953674844828,0.00768534057913,0.0113881563174,2
panns,cello,clarinet,studio,0.0051246899073,0.00326086956522,0.00698851024938,2
panns,cello,double-bass,studio,0.0215579710145,0.0150362318841,0.0280797101449,2
panns,cello,flute,studio,0.0373970333209,0.0364006565094,0.0383934101325,2
panns,cello,french-horn,studio,0.00172101449275,0,0.00344202898551,2
panns,cello,oboe,studio,0.00369198312236,0.00210970464135,0.00527426160338,2
panns,cello,trombone,studio,0.0275362318841,0.0259057971014,0.0291666666667,2
panns,cello,trumpet,studio,0.00383918617614,0.00182552954292,0.00585284280936,2
panns,cello,tuba,studio,0.00144927536232,0.000905797101449,0.00199275362319,2
panns,cello,viola,studio,0.0141047990156,0.00948181569593,0.0187277823352,2
panns,cello,violin,studio,0.103351449275,0.101811594203,0.104891304348,2
panns,clarinet,double-bass,studio,0.00328045436741,0.00271739130435,0.00384351743047,2
panns,clarinet,flute,studio,0.0341735966736,0.0328982828983,0.0354489104489,2
panns,clarinet,french-horn,studio,0.0135542168675,0.0120481927711,0.0150602409639,2
panns,clarinet,oboe,studio,0.0594672995781,0.0590717299578,0.0598628691983,2
panns,clarinet,trombone,studio,0.0397700331911,0.0392168484274,0.0403232179548,2
panns,clarinet,trumpet,studio,0.0425112612613,0.0394548394548,0.0455676830677,2
panns,clarinet,tuba,studio,0.00764297563693,0.00636321805677,0.00892273321709,2
panns,clarinet,viola,studio,0.0038378590855,0.00327036942603,0.00440534874497,2
panns,clarinet,violin,studio,0.0407325930582,0.036040400866,0.0454247852504,2
panns,double-bass,flute,studio,0.0491770407531,0.0490849126719,0.0492691688344,2
panns,double-bass,french-horn,studio,0.00213353413655,0.00200803212851,0.00225903614458,2
panns,double-bass,oboe,studio,0.00197784810127,0.00158227848101,0.00237341772152,2
panns,double-bass,trombone,studio,0.0374165713196,0.0356963513857,0.0391367912535,2
panns,double-bass,trumpet,studio,0.00365105908584,0.00310758082497,0.00419453734671,2
panns,double-bass,tuba,studio,0.011451028518,0.0085685483871,0.0143335086489,2
panns,double-bass,viola,studio,0.00651917555373,0.00407779600766,0.00896055509981,2
panns,double-bass,violin,studio,0.0183792551399,0.0182591843613,0.0184993259184,2
panns,flute,french-horn,studio,0.0445532128514,0.0424196787149,0.046686746988,2
panns,flute,oboe,studio,0.0465059143857,0.0403481012658,0.0526637275055,2
panns,flute,trombone,studio,0.0233918128655,0.0200789098815,0.0267047158495,2
panns,flute,trumpet,studio,0.0137108262108,0.011858974359,0.0155626780627,2
panns,flute,tuba,studio,0.0353992911957,0.0319751746163,0.038823407775,2
panns,flute,viola,studio,0.0205536405418,0.0198506289308,0.0212566521529,2
panns,flute,violin,studio,0.0518452262638,0.0478781554363,0.0558122970914,2
panns,french-horn,oboe,studio,0.00376506024096,0.00200803212851,0.00552208835341,2
panns,french-horn,trombone,studio,0.086780234975,0.0851365990277,0.0884238709223,2
panns,french-horn,trumpet,studio,0.00301204819277,0.00200803212851,0.00401606425703,2
panns,french-horn,tuba,studio,0.0209487142117,0.0184751101179,0.0234223183055,2
panns,french-horn,viola,studio,0.000753012048193,0,0.00150602409639,2
panns,french-horn,violin,studio,0.0169427710843,0.0128012048193,0.0210843373494,2
panns,oboe,trombone,studio,0.0222837552743,0.0221518987342,0.0224156118143,2
panns,oboe,trumpet,studio,0.0103963810451,0.00795602077248,0.0128367413178,2
panns,oboe,tuba,studio,0.00237341772152,0.00184599156118,0.00290084388186,2
panns,oboe,viola,studio,0.000524938301091,0.000263713080169,0.000786163522013,2
panns,oboe,violin,studio,0.0518196202532,0.0461497890295,0.0574894514768,2
panns,trombone,trumpet,studio,0.0815747300945,0.0806314664867,0.0825179937022,2
panns,trombone,tuba,studio,0.100087247689,0.0967741935484,0.10340030183,2
panns,trombone,viola,studio,0.0130492800397,0.0112028301887,0.0148957298908,2
panns,trombone,violin,studio,0.0264772881817,0.0251555487556,0.0277990276078,2
panns,trumpet,tuba,studio,0.00259511993383,0.00132857733664,0.00386166253102,2
panns,trumpet,viola,studio,0.00127751572327,0.00117924528302,0.00137578616352,2
panns,trumpet,violin,studio,0.04207414033,0.0416741204532,0.0424741602067,2
panns,tuba,viola,studio,0.00147247159667,0.000982704402516,0.00196223879083,2
panns,tuba,violin,studio,0.00142809139785,0.00100806451613,0.00184811827957,2
panns,viola,violin,studio,0.108420481693,0.107507861635,0.10933310175,2
